Wavelength,Abs,
800.0245972,0.04609282687,
799.7468262,0.04424033314,
799.4689941,0.04455658793,
799.1911621,0.04643373936,
799.0521851,0.04572537541,
798.774292,0.04639611766,
798.4963989,0.04591161013,
798.2184448,0.04508762807,
797.9404297,0.0454255417,
797.8014526,0.04480921477,
797.5233765,0.04371796921,
797.2453003,0.04484020919,
796.9672241,0.04413432628,
796.6890869,0.0443377085,
796.5500488,0.04595465586,
796.2718506,0.04565687478,
795.9936523,0.04448439926,
795.7153931,0.04592924565,
795.4371338,0.04467061535,
795.2979736,0.04481239989,
795.0196533,0.04329532012,
794.741333,0.04583125561,
794.4629517,0.04524258897,
794.1845703,0.04408696294,
794.0453491,0.04754463211,
793.7669067,0.04481819645,
793.4884033,0.04411045462,
793.2098999,0.04485918209,
792.9313965,0.04480941594,
792.7921143,0.043768242,
792.5134888,0.04480964318,
792.2348633,0.04469047114,
791.9562378,0.04320275038,
791.8168945,0.04407956824,
791.538208,0.04566719756,
791.2594604,0.04492804408,
790.9807129,0.043813508,
790.7019653,0.04525436834,
790.562561,0.04613381624,
790.2836914,0.0466622673,
790.0048218,0.04476169124,
789.7259521,0.04488685355,
789.4470215,0.04433145747,
789.3075562,0.04579178616,
789.0285645,0.04585659876,
788.7495728,0.04523018003,
788.4705811,0.04571062326,
788.1915283,0.0454656072,
788.0519409,0.04428854585,
787.7728271,0.04561196268,
787.4937134,0.04451654851,
787.2145386,0.04385835305,
786.9353638,0.04441142082,
786.7957764,0.04459605739,
786.5164795,0.04354941472,
786.2372437,0.04523400217,
785.9579468,0.04410624504,
785.8182983,0.04406392574,
785.5389404,0.04456780478,
785.2595215,0.04410942644,
784.9801636,0.04512533918,
784.7006836,0.04348342866,
784.5609741,0.0430242233,
784.2814941,0.04317221418,
784.0019531,0.0449167341,
783.7224121,0.04534892738,
783.4428711,0.04593433812,
783.3030396,0.04668108746,
783.0234375,0.04493849352,
782.7437744,0.04460658506,
782.4641113,0.04289236665,
782.1843872,0.04592144862,
782.0445557,0.04551507533,
781.7647705,0.04541065171,
781.4849854,0.04502517357,
781.2052002,0.04445893317,
781.0652466,0.04417779669,
780.7854004,0.04408171773,
780.5054932,0.04516419768,
780.2255859,0.04569676146,
779.9456177,0.04529019445,
779.8056641,0.04687522724,
779.5256348,0.04604714736,
779.2456055,0.04535490274,
778.9655762,0.04579607397,
778.6854858,0.04612227529,
778.5454102,0.04617835209,
778.2653198,0.04487321898,
777.9851685,0.04629300907,
777.7049561,0.04523175955,
777.5648804,0.04532289132,
777.2846069,0.04704141617,
777.0043335,0.04409458116,
776.7240601,0.04541599751,
776.4437256,0.0461948514,
776.3035278,0.0450761728,
776.0231934,0.04542246461,
775.7427979,0.04416521639,
775.4623413,0.04637820274,
775.1818848,0.04587616399,
775.041626,0.04525175318,
774.7611694,0.04564169049,
774.4805908,0.04593874142,
774.2000732,0.04683947191,
774.0597534,0.04671533033,
773.7791748,0.04655007645,
773.4985352,0.04507815465,
773.2178345,0.04631662369,
772.9371338,0.04538470134,
772.796814,0.04558493569,
772.5160522,0.04575128853,
772.2352905,0.04597263783,
771.9544678,0.04538435861,
771.8140259,0.04529766738,
771.5332031,0.04543450847,
771.2523193,0.04467509314,
770.9714355,0.0448095873,
770.6904907,0.04590752348,
770.5499878,0.04748181999,
770.269043,0.04593059793,
769.9880371,0.04483409598,
769.7069702,0.04544925317,
769.5664673,0.04602602124,
769.2853394,0.04591888934,
769.0042725,0.04405578971,
768.7230835,0.04434504732,
768.4419556,0.0449572131,
768.3013306,0.046179533,
768.0201416,0.04567398503,
767.7388916,0.04431850091,
767.4575806,0.044432953,
767.3169556,0.04489586502,
767.0356445,0.04551748931,
766.7542725,0.04507169127,
766.4729004,0.04379506782,
766.1914673,0.04513656721,
766.0507813,0.04574317858,
765.7692871,0.0452320762,
765.487854,0.04399958253,
765.2062988,0.04518795386,
765.0655518,0.04494914412,
764.7839966,0.04513740167,
764.5023804,0.04567467421,
764.2207642,0.04447582364,
763.9391479,0.04501096159,
763.7982788,0.04485214874,
763.5166016,0.04482496902,
763.2349243,0.04436938837,
762.953125,0.04523652792,
762.8122559,0.04461157694,
762.5304565,0.0464556627,
762.2486572,0.04596325755,
761.9667969,0.0452801697,
761.6849365,0.04532022029,
761.5439453,0.0441069603,
761.2620239,0.04550883919,
760.9801025,0.04491782561,
760.6981201,0.04425245523,
760.5571289,0.04472889006,
760.2750854,0.04496958852,
759.993042,0.04498431459,
759.7109375,0.04628877714,
759.5698853,0.04504139721,
759.2877197,0.04411976784,
759.0056152,0.04445873201,
758.7233887,0.04398164898,
758.4411621,0.04561017826,
758.3000488,0.04520392418,
758.0178223,0.04450642318,
757.7355347,0.04531956092,
757.453186,0.04480783641,
757.3120117,0.04441190884,
757.0296631,0.04567490518,
756.7472534,0.04437609762,
756.4648438,0.04337431863,
756.182373,0.04530237615,
756.0411377,0.0460158065,
755.758667,0.04566489905,
755.4761353,0.04553036764,
755.1936035,0.04518525302,
755.0523071,0.04564727098,
754.7697144,0.0454014875,
754.4870605,0.04492973909,
754.2044067,0.04486684501,
754.0630493,0.04612356797,
753.7803955,0.04431067407,
753.4976807,0.04582308605,
753.2149048,0.04553065822,
752.9321289,0.04494834319,
752.7907104,0.04494495317,
752.5078735,0.04541637376,
752.2250366,0.04627481103,
751.9421387,0.0449527353,
751.8006592,0.04496146366,
751.5177612,0.04518229514,
751.2348022,0.04504033551,
750.9517822,0.04517200962,
750.8103027,0.0456995517,
750.5272827,0.04536366835,
750.2442017,0.0447011441,
749.9611206,0.04460449144,
749.8195801,0.04508498684,
749.536438,0.0445427075,
749.2532959,0.04542988166,
748.9700928,0.0462137647,
748.6868286,0.04493599758,
748.5452271,0.044464726,
748.2619629,0.04528022557,
747.9786987,0.04433424026,
747.6953735,0.04502382502,
747.5537109,0.04461321235,
747.2703247,0.04497943446,
746.9869385,0.0452731885,
746.7034912,0.04598095641,
746.5617676,0.04540162906,
746.2783203,0.04505871236,
745.994812,0.04468281195,
745.7113037,0.04494386166,
745.569519,0.04498586431,
745.2860107,0.04494297504,
745.0023804,0.04405839741,
744.71875,0.0448904112,
744.4351196,0.04553766921,
744.2932739,0.04481150955,
744.0095825,0.04516684264,
743.7258911,0.04482671991,
743.4421387,0.04541048035,
743.3002319,0.04505676031,
743.0164185,0.04479563981,
742.732605,0.04560284689,
742.4487305,0.04456943646,
742.3068237,0.04430677742,
742.0229492,0.04454012588,
741.7390137,0.04425927997,
741.4550781,0.04583384469,
741.3130493,0.04532884061,
741.0290527,0.0449061133,
740.7450562,0.04410758987,
740.4609985,0.04512002319,
740.3189697,0.04474582151,
740.0348511,0.04536016285,
739.7507324,0.04404094815,
739.4666138,0.04526985437,
739.1824341,0.0444798097,
739.0403442,0.04414005578,
738.7561035,0.0453767702,
738.4718628,0.04562053084,
738.187561,0.04504472762,
738.0454102,0.0433492884,
737.7611084,0.04444287717,
737.4767456,0.04556377605,
737.1923828,0.04584940523,
737.0501709,0.04452294484,
736.7657471,0.0458208397,
736.4813232,0.04469755664,
736.1968384,0.04443507642,
736.0545654,0.04522130266,
735.7700195,0.04526873305,
735.4854736,0.04571646079,
735.2009277,0.04567475989,
735.0585938,0.04521544278,
734.7739868,0.04498965666,
734.4893799,0.04473133013,
734.2046509,0.04489012435,
734.0623169,0.04564270005,
733.7775879,0.04492655396,
733.4928589,0.04566572979,
733.2080688,0.04498434439,
733.0656738,0.04545247182,
732.7808838,0.04481251538,
732.4960327,0.04535363987,
732.2111816,0.04430453852,
732.0687256,0.04476866126,
731.7838135,0.0449459888,
731.4988403,0.04445139319,
731.2138672,0.04525540397,
730.928894,0.0448172763,
730.786377,0.04502132535,
730.5013428,0.04403616488,
730.2162476,0.0450437218,
729.9311523,0.04447029158,
729.7885742,0.04373603314,
729.503418,0.04538749158,
729.2182617,0.04464250058,
728.9331055,0.04440253228,
728.7904663,0.04390199482,
728.505249,0.0442738682,
728.2199707,0.04328170419,
727.9346924,0.04442902654,
727.7919922,0.04570892453,
727.5066528,0.04423457012,
727.2213135,0.04583059251,
726.9359131,0.04475741461,
726.7932129,0.04425366223,
726.5077515,0.04376374558,
726.22229,0.04475936666,
725.9368286,0.04354248941,
725.7940674,0.04426592961,
725.5085449,0.04446641728,
725.2229614,0.04532053694,
724.9373779,0.04510078207,
724.7945557,0.04479099065,
724.5089111,0.04393808171,
724.2232666,0.04456562176,
723.937561,0.04572229832,
723.7947388,0.044551339,
723.5090332,0.04509590194,
723.2232666,0.04408329353,
722.937439,0.04516313598,
722.7945557,0.04485117272,
722.508728,0.04520627856,
722.2229004,0.04524632543,
721.9370117,0.04441592097,
721.7940674,0.04471617937,
721.5081177,0.04496993124,
721.222168,0.04460764676,
720.9362183,0.04455759376,
720.7932129,0.04395300522,
720.5071411,0.04524316639,
720.2211304,0.04446039721,
719.9350586,0.04557697102,
719.7919922,0.04435499385,
719.5058594,0.04467317089,
719.2197266,0.04378032312,
718.9335327,0.04391405359,
718.7904663,0.0443158932,
718.5042725,0.04501509294,
718.2180176,0.04490559548,
717.9317017,0.04435943812,
717.7885742,0.04450673983,
717.5022583,0.04519817978,
717.2159424,0.04400774464,
716.9295654,0.04358533025,
716.786377,0.04485148937,
716.499939,0.04419585317,
716.213501,0.04463283345,
716.0703125,0.0448272936,
715.7838135,0.04420135543,
715.4973145,0.04434341192,
715.2107544,0.04422984272,
715.0675049,0.04439347237,
714.7809448,0.04379335046,
714.4943237,0.04487324506,
714.2077026,0.04466355965,
714.0643921,0.04459580034,
713.77771,0.04434499145,
713.4910278,0.04386717081,
713.2042847,0.0444766283,
713.0609131,0.04413091391,
712.7741089,0.04425073788,
712.4873657,0.04498761892,
712.2005005,0.04474289343,
712.0571289,0.04460256919,
711.7702637,0.04445850477,
711.4833374,0.04476983845,
711.1964111,0.04430261999,
711.0529785,0.04469236359,
710.7659912,0.04492764175,
710.4790039,0.04416063055,
710.1920166,0.04536608234,
710.0484619,0.04471947998,
709.7614136,0.04438796639,
709.4743652,0.04440694675,
709.1872559,0.04476828873,
709.0437012,0.04446122795,
708.7565308,0.04441325366,
708.4693604,0.04474045336,
708.1821289,0.04464806616,
708.0385132,0.04506049305,
707.7512817,0.04481142387,
707.4639893,0.04400800541,
707.3203735,0.04391734675,
707.0330811,0.04438252002,
706.7457275,0.04428178072,
706.458374,0.04463025182,
706.3146362,0.04508441314,
706.0272217,0.04419453442,
705.7398071,0.04431141913,
705.4523315,0.04395443946,
705.3085938,0.04440880939,
705.0211182,0.04466737434,
704.7335815,0.0439526625,
704.4459839,0.04505268112,
704.3022461,0.04480542615,
704.0145874,0.04440126941,
703.7269897,0.04419496283,
703.4393311,0.04430866614,
703.2954712,0.04427031428,
703.0078125,0.04450714216,
702.7200928,0.04491742328,
702.432312,0.04449672997,
702.2884521,0.04464063793,
702.0006714,0.0443969965,
701.7128296,0.04467437416,
701.5689087,0.04459602758,
701.2810669,0.04452093691,
700.9931641,0.04463446885,
700.7052612,0.04492422566,
700.5613403,0.04478180781,
700.2733765,0.04419333115,
699.9854126,0.04459511116,
699.6973877,0.04432474822,
699.5533447,0.04492038116,
699.2653198,0.04492474347,
698.9772339,0.04436528683,
698.6891479,0.04495732859,
698.545105,0.04414979741,
698.256958,0.04444918409,
697.968811,0.04469606653,
697.680603,0.04450553656,
697.536499,0.04446346685,
697.24823,0.04465566948,
696.960022,0.04417332634,
696.8158569,0.04463111237,
696.5275269,0.0448089838,
696.2392578,0.04463498667,
695.9508667,0.04500269145,
695.8067017,0.04519700259,
695.5183105,0.04525583237,
695.2298584,0.04431563243,
694.9414063,0.04454614595,
694.7971802,0.04439401627,
694.508728,0.04503459111,
694.2202148,0.04435298964,
693.9316406,0.04377070442,
693.7873535,0.04480086267,
693.4987793,0.0453469716,
693.210144,0.04439805821,
693.0658569,0.04469821975,
692.7772217,0.044136215,
692.4885254,0.04502953589,
692.1998291,0.04558033496,
692.055481,0.04462336749,
691.7667236,0.04511408135,
691.4779663,0.04414455593,
691.1891479,0.04459941387,
691.0447388,0.04448632151,
690.7559204,0.04467847943,
690.467041,0.04445038736,
690.1781616,0.04473311082,
690.0336914,0.0450823158,
689.744812,0.04459235817,
689.4558105,0.04475790262,
689.3113403,0.04443453252,
689.0223389,0.04466579854,
688.7333374,0.04499766603,
688.4442749,0.04548423365,
688.2997437,0.04509254172,
688.0106812,0.04511551559,
687.7215576,0.04493662715,
687.4324341,0.04460311309,
687.2878418,0.04364789277,
686.9986572,0.04469841719,
686.7094727,0.04441325366,
686.5648193,0.04422998428,
686.2755737,0.04465632886,
685.9863281,0.0450977385,
685.6970215,0.04437150806,
685.5523682,0.04521380737,
685.2630005,0.04466453567,
684.9736328,0.04512987658,
684.6842651,0.04498471692,
684.5395508,0.04456037283,
684.2501221,0.04423342645,
683.9606934,0.0442272611,
683.815918,0.04452575371,
683.5264282,0.04505983368,
683.2368774,0.04532053694,
682.9473267,0.04432606697,
682.8025513,0.0443959944,
682.5130005,0.0438955538,
682.2233887,0.04531231895,
681.9337158,0.04424013197,
681.7888794,0.0445535779,
681.4992065,0.04490703344,
681.2095337,0.04560445622,
681.0646362,0.04475773126,
680.7749023,0.04500360787,
680.4851074,0.04527163506,
680.1953125,0.04463134333,
680.050415,0.04443636537,
679.7605591,0.04376778379,
679.4707031,0.0447957553,
679.1808472,0.04373371229,
679.0358887,0.04506775737,
678.7459106,0.0450704284,
678.4559937,0.04578859359,
678.3109741,0.04467058927,
678.0209961,0.04480244219,
677.730957,0.04517916217,
677.440918,0.04548779503,
677.2958984,0.04490286857,
677.0057983,0.04493458942,
676.7156982,0.04563542455,
676.5706177,0.04458576068,
676.2804565,0.04411650077,
675.9902954,0.04455446452,
675.7000732,0.04521730915,
675.5549927,0.04529416189,
675.2647705,0.04513619468,
674.9744873,0.04604047164,
674.6842041,0.04574384168,
674.5390015,0.04527784139,
674.2487183,0.04577916116,
673.958313,0.04555664584,
673.8131104,0.04528117552,
673.5227661,0.04567850009,
673.2322998,0.04671319947,
672.9418945,0.04530608281,
672.7966309,0.04630968347,
672.5061646,0.0473494418,
672.2156372,0.04707479104,
672.0703735,0.04739594832,
671.7797852,0.04651486501,
671.4891968,0.04755696282,
671.1986084,0.04797658324,
671.0532837,0.04815941676,
670.7626343,0.04794117063,
670.4719849,0.04897247255,
670.1812744,0.04963864759,
670.0359497,0.04985066503,
669.7451782,0.04982372001,
669.4544678,0.05158653483,
669.309021,0.05177611485,
669.0182495,0.05369792134,
668.727417,0.05421923846,
668.4365845,0.05445360392,
668.2911377,0.05761988088,
668.0002441,0.05923601612,
667.7093506,0.060487587,
667.5638428,0.06188125908,
667.2728882,0.06222332641,
666.9819336,0.06561391801,
666.690918,0.06775476038,
666.5454102,0.07004220784,
666.2543945,0.07202784717,
665.9633179,0.07213058323,
665.817749,0.07320234179,
665.5266724,0.0750746727,
665.2355347,0.07683593035,
664.9443359,0.07761625946,
664.7987671,0.0787114948,
664.5075684,0.0814416334,
664.2163696,0.08214946091,
664.0707397,0.08314856887,
663.77948,0.08345466852,
663.4881592,0.08511982113,
663.1968384,0.08745160699,
663.0512085,0.08823625743,
662.7598267,0.08969384432,
662.4684448,0.08978878707,
662.3227539,0.09002226591,
662.0313721,0.08898162842,
661.7399292,0.08929727226,
661.4484253,0.08875769377,
661.3027344,0.08949498832,
661.0112305,0.08875416964,
660.7196655,0.08792306483,
660.4281006,0.08757393062,
660.2823486,0.08710000664,
659.9907227,0.08580194414,
659.6990967,0.0848576799,
659.5532837,0.0856217593,
659.2616577,0.08452307433,
658.9699707,0.08356206119,
658.6782837,0.08306929469,
658.5324097,0.08203372359,
658.2406616,0.08152797818,
657.9488525,0.08090223372,
657.8029785,0.08018728346,
657.5111694,0.0807339251,
657.2193604,0.0800087899,
656.9274902,0.07970203459,
656.7815552,0.07942181081,
656.489624,0.07796776295,
656.1976929,0.0785414204,
656.0517578,0.07879704982,
655.7597656,0.0790977031,
655.4677734,0.07883553952,
655.3217773,0.07923546433,
655.0297852,0.07945606858,
654.7377319,0.08177065104,
654.4456787,0.08170725405,
654.2996216,0.08324503899,
654.0075073,0.0849012062,
653.715332,0.08586420864,
653.5692749,0.08688949049,
653.2770996,0.08811222762,
652.9849243,0.09121793509,
652.692688,0.09359986335,
652.5465698,0.09313610196,
652.2542725,0.0967919156,
651.9619751,0.09823272377,
651.8158569,0.09958261997,
651.5234985,0.1032974869,
651.2312012,0.1069438532,
650.9387817,0.1070513874,
650.7926025,0.1108416915,
650.5001831,0.1136239395,
650.2077637,0.1172523797,
650.0615234,0.1184053272,
649.769043,0.1197943091,
649.4765625,0.1221348643,
649.184021,0.1256121248,
649.0377197,0.1268607229,
648.7451782,0.1280358434,
648.4525757,0.1278865337,
648.3062744,0.1270754039,
648.0136719,0.1266635358,
647.7210083,0.1252796352,
647.4283447,0.1254133284,
647.2819824,0.1254485101,
646.9892578,0.1234458536,
646.6965332,0.1236447468,
646.5501709,0.1232589856,
646.2573853,0.1222585738,
645.9645996,0.1230043992,
645.8181763,0.1224281341,
645.5253296,0.1220715642,
645.2324829,0.1207865551,
644.9395752,0.1215939969,
644.7931519,0.1206859201,
644.5001831,0.1192694232,
644.2072754,0.1192719489,
644.060791,0.1194121912,
643.7677612,0.1186280772,
643.4747925,0.1186367497,
643.1817627,0.1193670705,
643.0352173,0.1194724143,
642.7421265,0.1196433678,
642.4490356,0.120944865,
642.3024902,0.1220459193,
642.0093384,0.1226840988,
641.7161865,0.1258570999,
641.5695801,0.125388965,
641.2763672,0.1297552139,
640.9831543,0.1336038709,
640.6899414,0.1373042315,
640.5432739,0.1370869279,
640.25,0.1419485211,
639.9567261,0.1479227692,
639.8100586,0.1483102739,
639.5166626,0.1521049887,
639.2233276,0.1540249437,
638.9299316,0.1608959883,
638.7832031,0.161469385,
638.4898071,0.166298613,
638.1963501,0.1679077446,
638.0496216,0.1681278944,
637.7561035,0.1702606678,
637.4625854,0.1705548912,
637.3157959,0.1709709615,
637.0222778,0.1708942652,
636.7286987,0.1707472652,
636.4350586,0.1685295552,
636.288269,0.1679202765,
635.9946289,0.1658951342,
635.7009888,0.1646241099,
635.5541382,0.1628701687,
635.260437,0.1587641537,
634.9666748,0.1554796398,
634.8198242,0.1538857967,
634.526062,0.1517737061,
634.2322998,0.1465502828,
633.9384766,0.1405899674,
633.7915649,0.1388752609,
633.4976807,0.1335964501,
633.2037964,0.129236877,
633.0568848,0.1260997653,
632.7630005,0.1186678484,
632.4690552,0.1126994044,
632.3220825,0.1112831235,
632.0280762,0.1065719426,
631.7340698,0.09768754244,
631.4400635,0.09404336661,
631.2930298,0.09175888449,
630.9990234,0.08912523091,
630.7049561,0.08398740739,
630.5578613,0.08078246564,
630.2637329,0.07880599052,
629.9696045,0.07639122754,
629.8225708,0.07538375258,
629.5283813,0.07168401778,
629.2341919,0.06940432638,
628.9399414,0.06776577234,
628.7928467,0.06724732369,
628.4985352,0.06547074765,
628.2042847,0.06380241364,
628.0571289,0.06312084943,
627.7628174,0.06244349107,
627.4684448,0.06182646006,
627.3212891,0.06042558327,
627.0269165,0.05838881806,
626.7324829,0.05834813416,
626.4380493,0.05782967806,
626.2908325,0.05745926127,
625.9963379,0.05631190166,
625.7018433,0.05595696718,
625.5546265,0.05506949872,
625.2600708,0.0549814105,
624.9655151,0.05488652363,
624.8182373,0.05471402034,
624.5236816,0.05383357033,
624.2290649,0.05199778453,
623.9343872,0.05307656527,
623.7871094,0.05282747746,
623.4924316,0.05198188126,
623.1977539,0.05130721256,
623.050354,0.05276085809,
622.7556152,0.05154901743,
622.4608765,0.05145977437,
622.3134766,0.05058641359,
622.0186768,0.05082921311,
621.723877,0.05068885908,
621.4290771,0.0501379706,
621.2816162,0.04924789071,
620.9867554,0.04911699891,
620.6918335,0.04928726703,
620.5443726,0.0493991226,
620.2494507,0.04998215288,
619.9544678,0.04851819575,
619.8070068,0.04844835401,
619.5120239,0.0485426262,
619.21698,0.04848331586,
619.069458,0.04833159596,
618.7744141,0.04722524062,
618.4793701,0.04733526707,
618.1842651,0.04706530273,
618.0366821,0.04682052881,
617.7415161,0.04733526707,
617.4464111,0.04691121727,
617.2987671,0.04652616009,
617.0036011,0.04583045095,
616.708374,0.04666209221,
616.56073,0.046391882,
616.2655029,0.04625928774,
615.9702148,0.04687485471,
615.8225708,0.04642719775,
615.5272827,0.04614714533,
615.2319336,0.04590433091,
614.9365234,0.04595879838,
614.7888794,0.04634919763,
614.4934692,0.04665949941,
614.1980591,0.04567933455,
614.050293,0.04599105567,
613.7548828,0.0452876091,
613.4594116,0.04562070221,
613.3116455,0.0452905111,
613.0161133,0.04569843039,
612.7205811,0.04568281397,
612.5728149,0.04548673332,
612.2772217,0.04616180062,
611.9816284,0.04591212794,
611.6859741,0.04613603279,
611.538208,0.04563700408,
611.2424927,0.04523293674,
610.9468384,0.04604873061,
610.7990112,0.04555831105,
610.5032959,0.04598296806,
610.2075195,0.04506905004,
610.0596313,0.04513742775,
609.763855,0.04577599838,
609.4680786,0.04465873912,
609.3201904,0.04520283267,
609.024353,0.04510655627,
608.7284546,0.04497529939,
608.4326172,0.04505971819,
608.284668,0.04429702833,
607.9887085,0.04538191482,
607.6928101,0.04486526549,
607.5447998,0.04539659992,
607.2488403,0.04481960088,
606.9528198,0.04468418658,
606.8048096,0.04485625401,
606.5087891,0.04488794133,
606.2127075,0.04516735673,
606.0646973,0.04557852447,
605.7686157,0.04540191591,
605.4724731,0.04580674693,
605.1763306,0.04518918693,
605.0282593,0.04551884159,
604.7321167,0.04509452358,
604.4359131,0.04548716545,
604.2877808,0.04472472891,
603.9915771,0.04444138333,
603.6953125,0.04522294179,
603.5471802,0.04501802474,
603.2508545,0.04551004618,
602.9545898,0.04563430324,
602.8063965,0.04485194758,
602.5100708,0.0453190729,
602.2136841,0.0452113077,
602.0654907,0.04550113529,
601.769104,0.04593474045,
601.4726563,0.04575332999,
601.1762085,0.04543307051,
601.0279541,0.04570185021,
600.7315063,0.04542623088,
600.4349976,0.04478978366,
600.2866821,0.04507772252,
599.9901733,0.04586269706,
599.6936035,0.04622139782,
599.5452881,0.04650996998,
599.2487183,0.04542165995,
598.9520874,0.04610917717,
598.803772,0.04524385557,
598.5070801,0.04538481683,
598.2103882,0.04531947523,
598.0620728,0.04550182447,
597.7653198,0.04621166363,
597.4686279,0.04517425224,
597.3202515,0.04581221193,
597.0234375,0.04571827129,
596.7266235,0.0455163978,
596.4298096,0.04481142387,
596.2814331,0.04593799263,
595.9845581,0.04595836625,
595.6876831,0.04572995007,
595.5392456,0.04482620209,
595.2423096,0.04501285404,
594.9453735,0.04513817653,
594.796875,0.0454220064,
594.499939,0.0454242751,
594.2029419,0.04550113529,
594.0544434,0.04518456385,
593.7573853,0.04473018274,
593.4603271,0.04471904784,
593.3118286,0.04512189329,
593.0147095,0.04548018053,
592.7176514,0.04500082508,
592.5690918,0.04431087524,
592.2719116,0.04519930109,
591.9747314,0.04491641745,
591.6775513,0.04433010891,
591.5289917,0.04492107034,
591.2317505,0.0446068421,
590.9345093,0.04420482367,
590.7858887,0.04455240071,
590.4885864,0.04506112263,
590.1912842,0.04482697695,
590.0426025,0.04446619004,
589.7453003,0.04480186477,
589.447937,0.04397480562,
589.2992554,0.04421210289,
589.0018311,0.04485039786,
588.7044678,0.04465684667,
588.5557251,0.04448070005,
588.2583008,0.04486604035,
587.9608154,0.04491808265,
587.8120728,0.04382974282,
587.5145874,0.04523520544,
587.217041,0.04429043457,
587.0682373,0.04491547123,
586.7706909,0.04410893843,
586.4730835,0.04492907971,
586.3242798,0.04491633177,
586.0266724,0.04517637566,
585.7290649,0.04574107751,
585.4313965,0.04522380233,
585.2825317,0.04419272766,
584.9848633,0.04466080666,
584.6871338,0.04529576749,
584.538269,0.04527781159,
584.2404785,0.04486974329,
583.942749,0.04442091286,
583.7938232,0.04558438808,
583.4960327,0.04528735206,
583.1981812,0.04510250688,
583.0492554,0.04450983927,
582.7514038,0.04396795854,
582.4534912,0.04512545466,
582.3045654,0.04484913498,
582.0066528,0.04517686367,
581.7086792,0.04513165727,
581.5596924,0.0455359444,
581.2617188,0.04478421807,
580.9637451,0.04418206587,
580.8146973,0.04461039975,
580.5166626,0.04482769594,
580.2186279,0.04508831725,
580.0695801,0.045200333,
579.7714844,0.04483139887,
579.4733887,0.04479322955,
579.3243408,0.04494165257,
579.0261841,0.04512582719,
578.7280273,0.04507217929,
578.4298096,0.04497733712,
578.2807007,0.04480691627,
577.9824829,0.04465784878,
577.6842651,0.04417688027,
577.5350952,0.04449130967,
577.2368164,0.04446185753,
576.9385376,0.04474518821,
576.7893677,0.04415997118,
576.4910278,0.04457084462,
576.192688,0.04492767155,
576.0435181,0.04479867965,
575.7451172,0.0443970561,
575.4467163,0.04417094588,
575.2974854,0.04509911686,
574.9990234,0.04415604472,
574.7005615,0.04562225565,
574.5513306,0.04520219937,
574.2528076,0.04443106055,
573.9542847,0.04502744228,
573.8050537,0.04452328756,
573.5064697,0.04502939433,
573.2078857,0.04566026852,
573.0585938,0.04572154954,
572.7600098,0.04483857378,
572.4613647,0.04501460493,
572.3120117,0.04465701804,
572.0133667,0.04453771561,
571.7146606,0.04456292838,
571.5653076,0.04414813593,
571.2666016,0.0451046899,
570.9678345,0.04523443058,
570.8184814,0.04378562048,
570.5197144,0.04423820972,
570.2208862,0.045948755,
570.0714722,0.0450114198,
569.772644,0.04473242164,
569.4738159,0.04540335387,
569.3244019,0.04495844617,
569.0255127,0.04492089897,
568.7265625,0.04385792091,
568.4276733,0.04460695758,
568.2781982,0.04554937035,
567.979187,0.04483960569,
567.6802368,0.04517367855,
567.5307007,0.04572022706,
567.2316895,0.0459135063,
566.9326782,0.04468774423,
566.7831421,0.04482086375,
566.4840698,0.04497214034,
566.1849976,0.04583663493,
566.0354004,0.04485140368,
565.7362671,0.0447790511,
565.4371338,0.04509707913,
565.2875366,0.04575603455,
564.9884033,0.04494386166,
564.6891479,0.04592167959,
564.5395508,0.04557337612,
564.2403564,0.04543643445,
563.94104,0.04539743438,
563.7914429,0.04540904239,
563.4921265,0.04566219449,
563.1928101,0.04549305514,
563.0431519,0.04574939236,
562.7438354,0.04553085938,
562.444458,0.0455028601,
562.2947388,0.04456571117,
561.9953613,0.04560477287,
561.6959229,0.04572166502,
561.5462036,0.0454855822,
561.2467651,0.04606997222,
560.9473267,0.04558082297,
560.7975464,0.0452343449,
560.4980469,0.0453726314,
560.1985474,0.04512519389,
560.0487671,0.04628808424,
559.7492065,0.04573630542,
559.449585,0.0454749465,
559.2998047,0.04525629431,
559.0001831,0.04592636973,
558.7005615,0.04594161734,
558.5507202,0.04613738507,
558.2510376,0.04611648619,
557.951355,0.0476167798,
557.8015137,0.04653365165,
557.50177,0.04661462456,
557.2020264,0.04763194546,
557.0521851,0.04736488685,
556.7523804,0.04783807322,
556.4525757,0.04871229082,
556.3026733,0.04815296829,
556.0028687,0.0498178266,
555.7030029,0.05174310133,
555.5531006,0.05154563487,
555.2531738,0.0532300435,
554.9533081,0.05246497691,
554.8033447,0.05523702875,
554.503418,0.05753736198,
554.2034302,0.05932850391,
554.0534668,0.06019710377,
553.753479,0.06136316061,
553.4534302,0.06360136718,
553.3034668,0.06563036144,
553.003418,0.06784611195,
552.7033081,0.06967399269,
552.5532837,0.07026235759,
552.2531738,0.0712737143,
551.953064,0.07318803668,
551.8030396,0.07310537994,
551.5028687,0.07373611629,
551.2026978,0.07581978291,
551.0526123,0.07772689313,
550.7523804,0.07862595469,
550.4521484,0.08051208407,
550.302063,0.08169047534,
550.0018311,0.08240368217,
549.7015381,0.08561287075,
549.5513916,0.08758431673,
549.2510986,0.0895909071,
548.9507446,0.09258949012,
548.8005981,0.09450858086,
548.5001831,0.1000640541,
548.1998291,0.1050706804,
548.0496216,0.1058984175,
547.7492065,0.10956195,
547.4487915,0.1133777946,
547.298584,0.1160006672,
546.9981079,0.1195175722,
546.6975708,0.1194441542,
546.5473633,0.1211215034,
546.2468262,0.1234127656,
545.9462891,0.1237418652,
545.7960205,0.1237523332,
545.4954224,0.1239432693,
545.1948242,0.1238306463,
545.0445557,0.1239861101,
544.7438965,0.12374717,
544.4432983,0.1227942929,
544.2929688,0.1225493178,
543.9922485,0.1220473945,
543.6915894,0.1231293231,
543.5411987,0.1226892471,
543.2404785,0.1236393079,
542.9397583,0.1252208054,
542.7893677,0.1273866743,
542.4885864,0.1319631934,
542.1877441,0.1346985996,
542.0373535,0.1372203678,
541.7365112,0.1400451511,
541.4356689,0.1474006176,
541.2852173,0.1481288224,
540.984375,0.1569219232,
540.6834717,0.1616942883,
540.532959,0.1629736573,
540.2320557,0.1763078421,
539.9310913,0.1864550263,
539.7805786,0.1934312731,
539.4796143,0.2025197446,
539.1785889,0.2124537081,
539.0280762,0.2225596607,
538.7270508,0.2469018102,
538.4259644,0.2635954022,
538.2754517,0.2671814263,
537.9743652,0.283734262,
537.8237915,0.2933427989,
537.522644,0.308750093,
537.2214966,0.318230629,
537.0709229,0.3176697195,
536.7697754,0.3259134591,
536.4685669,0.3296676576,
536.3179932,0.3317807913,
536.0167236,0.3316325247,
535.7155151,0.3296886384,
535.5648804,0.3260397017,
535.2635498,0.3120827079,
534.9622803,0.2974355817,
534.8116455,0.2889073193,
534.5103149,0.2809937894,
534.2089233,0.252761215,
534.0582275,0.2456783056,
533.756897,0.2201457173,
533.4554443,0.2031129301,
533.3047485,0.2008685619,
533.0033569,0.1769972593,
532.7019043,0.1620136201,
532.5511475,0.1539646834,
532.2496338,0.1392510384,
531.9481201,0.1278016865,
531.7973633,0.1223116815,
531.4958496,0.1094937623,
531.1942749,0.1023479924,
531.0435181,0.1011138484,
530.7419434,0.09385028481,
530.4403076,0.08579917252,
530.2894897,0.08508068323,
529.987854,0.08023040742,
529.6862183,0.07838127762,
529.5353394,0.07713257521,
529.2337036,0.07268724591,
528.9319458,0.07084871083,
528.7811279,0.06968189031,
528.4793701,0.06823940575,
528.1776123,0.065958336,
528.0267334,0.06496365368,
527.7249146,0.06379123032,
527.5740356,0.06308101118,
527.2722168,0.06224767491,
526.9703369,0.06091057509,
526.819458,0.05983948335,
526.5175781,0.05896323919,
526.2156372,0.05814418197,
526.0646973,0.05818934739,
525.7628174,0.05692804977,
525.4608154,0.05548959225,
525.3098755,0.05538491905,
525.0078735,0.05471416563,
524.7058716,0.05424660072,
524.5548706,0.05434058607,
524.2528687,0.05360747501,
523.9508057,0.0529907532,
523.7998047,0.05292507261,
523.4977417,0.05234479532,
523.1956177,0.05179396272,
523.0445557,0.05193277821,
522.7424316,0.0510667339,
522.4403076,0.05091102049,
522.2892456,0.05061232671,
521.9870605,0.04941246286,
521.6848755,0.04924904928,
521.5337524,0.04945342243,
521.2315063,0.04968888313,
520.9292603,0.04968911782,
520.7781372,0.04947439581,
520.4758911,0.04883610457,
520.324707,0.04911445081,
520.0223999,0.04878944159,
519.7200928,0.04911610112,
519.5689087,0.04837438837,
519.2665405,0.04877192155,
518.9641724,0.04854612797,
518.8129883,0.04814235494,
518.5105591,0.04814932495,
518.2081909,0.0482474938,
518.0569458,0.0482179001,
517.7545166,0.04825463891,
517.4520264,0.04802888632,
517.3007813,0.04817694426,
516.99823,0.0485275723,
516.6957397,0.0480828397,
516.5444946,0.04819030687,
516.2418823,0.04790359363,
515.9393311,0.04853701219,
515.7880249,0.04827561229,
515.4854126,0.04815742373,
515.1828003,0.04825950041,
515.0314941,0.0485801734,
514.7288208,0.04832245037,
514.4261475,0.04830842093,
514.2748413,0.04774793983,
513.9721069,0.04770714417,
513.8207397,0.04764647782,
513.5180054,0.04734785482,
513.215271,0.04804811254,
513.0639038,0.04767877236,
512.7611084,0.04822218418,
512.458313,0.04774253815,
512.3068848,0.04769472033,
512.0040283,0.04780821875,
511.7012024,0.04748745263,
511.5497742,0.04824124649,
511.2468872,0.0477903299,
510.9440002,0.04834884033,
510.7925415,0.04811887071,
510.4895935,0.04798635468,
510.1866455,0.04804895073,
510.0351563,0.04824740812,
509.7321777,0.04880882055,
509.4291687,0.04898044094,
509.2776794,0.04904747009,
508.9746399,0.0488923043,
508.8231201,0.04878269508,
508.5200806,0.04935170338,
508.21698,0.04898638278,
508.0654297,0.0497581996,
507.7623291,0.04848835245,
507.459198,0.04858184978,
507.3076477,0.04881032556,
507.0044861,0.04851098731,
506.7012939,0.04824113101,
506.5497131,0.0488672182,
506.2464905,0.0477062501,
505.9432678,0.04826916009,
505.7916565,0.04779879749,
505.4884033,0.04845315963,
505.1851196,0.04821914434,
505.0334778,0.04884520173,
504.7301941,0.04854488373,
504.4268799,0.04880166426,
504.2752075,0.04837748408,
503.9718323,0.04817879573,
503.8201599,0.04838324338,
503.5167847,0.04821978137,
503.2133789,0.04817633703,
503.061676,0.04786460474,
502.7582397,0.04816511646,
502.4548035,0.04806601256,
502.3030701,0.04796268046,
501.9996033,0.04789885506,
501.696106,0.04863804579,
501.544342,0.04827173427,
501.2408142,0.04834371805,
500.9372864,0.0488567315,
500.7854919,0.048710756,
500.4819336,0.04912398756,
500.1783142,0.04788194597,
500.0265198,0.04828886315,
499.7229004,0.0486221239,
499.5710754,0.04877533764,
499.2674255,0.04860472307,
498.9637756,0.04909329116,
498.8119202,0.04893880337,
498.5082092,0.0492616035,
498.2044983,0.04965811968,
498.0526428,0.04988405481,
497.7489014,0.04984064773,
497.4451294,0.05038889125,
497.2932434,0.05066895857,
496.9894409,0.05072589219,
496.6856384,0.05138101056,
496.5337219,0.05181504786,
496.2298584,0.0525451377,
495.9260254,0.05293817073,
495.7740784,0.05307811499,
495.4701843,0.05519326031,
495.3182373,0.05539182946,
495.0143127,0.05753656477,
494.7103882,0.05770995468,
494.5584106,0.05859863386,
494.254425,0.06030433998,
493.9504395,0.06197222322,
493.7984619,0.06323285401,
493.4944458,0.06445919722,
493.1903992,0.06639742851,
493.0383911,0.06754755229,
492.734314,0.07119844109,
492.4302368,0.07332635671,
492.2781982,0.07383576781,
491.9740906,0.07643283904,
491.8220215,0.07775649428,
491.5178833,0.08201677352,
491.2137146,0.0844373554,
491.0616455,0.0850558728,
490.7574463,0.08717023581,
490.4532471,0.09159024805,
490.3011475,0.09147976339,
489.9969177,0.09760802984,
489.6926575,0.0993258208,
489.5405273,0.1012362242,
489.2362671,0.1077971682,
488.9319458,0.1111633405,
488.7797852,0.1126973256,
488.4754639,0.1147270575,
488.3233032,0.1156218722,
488.0189514,0.1171999574,
487.7145691,0.1172267422,
487.5623779,0.1168403774,
487.2579956,0.1161271036,
486.9535522,0.1150368527,
486.8013611,0.113999784,
486.4968872,0.1125373319,
486.1924438,0.1120126024,
486.0401917,0.1117670313,
485.7356873,0.1118566096,
485.4311829,0.115147762,
485.2789307,0.1174036041,
484.9743652,0.119994469,
484.822113,0.1202479452,
484.5175476,0.1222778857,
484.2129517,0.1239528731,
484.0606384,0.1234154478,
483.7560425,0.1223435849,
483.4513855,0.1209008247,
483.2990723,0.1185383871,
482.9944153,0.1129890531,
482.6897278,0.1082587987,
482.537384,0.1074393541,
482.232666,0.1027209535,
481.927948,0.09824703634,
481.7755737,0.09626010805,
481.4708252,0.09219788015,
481.3184204,0.09132289141,
481.0136414,0.08810109645,
480.7088318,0.08309609443,
480.556427,0.08243513852,
480.2516174,0.07920005172,
479.9467468,0.07780851424,
479.794342,0.07524197549,
479.4894409,0.07234815508,
479.1845703,0.07176309824,
479.0321045,0.07063253224,
478.7271729,0.07065419108,
478.574707,0.06960470974,
478.2697754,0.07137773931,
477.9648132,0.0733076632,
477.8123169,0.07333490252,
477.5073242,0.0738966465,
477.202301,0.0798843205,
477.0497742,0.0831540525,
476.744751,0.08760255575,
476.4396973,0.09067986161,
476.2871399,0.09351352602,
475.9820557,0.1003037095,
475.6769409,0.10473717,
475.5243835,0.1081287563,
475.2192688,0.1103010178,
475.0666809,0.1128095835,
474.7615356,0.1184287146,
474.4563599,0.1204169542,
474.3037415,0.1211853847,
473.9985352,0.1236088574,
473.6933289,0.1237312332,
473.5407104,0.1241792515,
473.2354431,0.122583434,
472.9301758,0.1214802042,
472.7775269,0.1213601008,
472.472229,0.1190801933,
472.3195801,0.1186237261,
472.0142517,0.1162263155,
471.7089233,0.1148631796,
471.5562439,0.1146771014,
471.250885,0.1120106578,
470.9454956,0.1101895049,
470.7927856,0.1094576567,
470.4873657,0.1072070524,
470.1819458,0.1063233167,
470.0292053,0.1051172018,
469.7237549,0.1031889096,
469.5710144,0.10415975,
469.2655334,0.1041095108,
468.960022,0.106284596,
468.807251,0.1076695174,
468.5017395,0.113935031,
468.196167,0.118159309,
468.043396,0.1230602041,
467.7378235,0.1267254651,
467.4322205,0.1331700236,
467.2794189,0.1402838975,
466.9737854,0.148038134,
466.8209839,0.1527739614,
466.5153198,0.1537519693,
466.2096558,0.1641052216,
466.0568237,0.1716571748,
465.7511292,0.1842688322,
465.4454041,0.1890680641,
465.2925415,0.1979984045,
464.9868164,0.2183142751,
464.6810608,0.2589694858,
464.5281677,0.2772409916,
464.2223816,0.2947148681,
464.0694885,0.3138602674,
463.7636719,0.3716151118,
463.4578552,0.4328275323,
463.3049316,0.4571835995,
462.999054,0.4970245063,
462.6931763,0.5258873105,
462.5402527,0.5683077574,
462.2343445,0.6198428869,
461.9284363,0.6537470222,
461.7754517,0.6652960181,
461.4695129,0.7169523239,
461.3165283,0.741420269,
461.0105591,0.8170599341,
460.7045898,0.8883391023,
460.5515747,0.893824935,
460.245575,0.9341340065,
459.9395142,0.9843511581,
459.786499,0.9864223003,
459.4804382,0.9714558721,
459.1743774,0.965562284,
459.0213318,0.9262804985,
458.71521,0.8177071214,
458.5621643,0.7985944748,
458.2560425,0.7006260753,
457.9498901,0.6580828428,
457.796814,0.617357254,
457.4906311,0.5197078586,
457.1844177,0.4891069531,
457.0313416,0.4683667421,
456.7250977,0.4579393566,
456.571991,0.4534885287,
456.2657471,0.4656811655,
455.9594727,0.491964817,
455.8063354,0.5157635808,
455.500061,0.5293176174,
455.1937561,0.588701129,
455.0405884,0.6230763197,
454.7342529,0.6664135456,
454.4279175,0.7184322476,
454.2747192,0.7388290167,
453.9683533,0.8106333017,
453.815155,0.8428709507,
453.5087585,0.8644587994,
453.2023315,0.8742880225,
453.0491028,0.8718841076,
452.7426758,0.8392879367,
452.4362183,0.8108986616,
452.282959,0.7840149999,
451.9764709,0.7490308285,
451.8232422,0.7197090387,
451.5167236,0.6622866392,
451.2101746,0.6056106687,
451.0569153,0.5826511383,
450.7503357,0.5607527494,
450.4437561,0.5482262969,
450.2904663,0.5441054106,
449.9838562,0.5603172779,
449.6772461,0.5934695601,
449.5239258,0.5986936688,
449.2172852,0.6640697718,
449.0639648,0.7282389402,
448.7572937,0.8178485632,
448.450592,0.967148304,
448.2972412,0.9827914238,
447.9905396,1.148312688,
447.6838074,1.353309631,
447.530426,1.393925905,
447.2236633,1.574108362,
447.070282,1.554719806,
446.7634888,1.709070563,
446.4566956,1.913115621,
446.3032837,1.985218883,
445.99646,2.116561651,
445.6896057,2.145504236,
445.5361938,2.193077564,
445.2293091,2.203712225,
445.0758667,2.160830975,
444.7689819,1.944011688,
444.4620667,1.835059881,
444.3085938,1.711927772,
444.0016785,1.310044408,
443.6947021,1.033209205,
443.5412292,0.998883009,
443.2342529,0.848072052,
442.9272461,0.5764119625,
442.7737427,0.503364861,
442.4667053,0.4201231003,
442.3132019,0.3803802431,
442.006134,0.3310039639,
441.6990967,0.252366066,
441.5455322,0.227878511,
441.2384644,0.2045158297,
440.9313354,0.1841300875,
440.777771,0.1793725789,
440.4706421,0.1590584517,
440.3170776,0.1503439248,
440.0099182,0.1425746232,
439.7027283,0.1324265003,
439.5491333,0.1313779652,
439.2419434,0.1188035384,
438.9347229,0.1126315296,
438.7810974,0.1092199832,
438.4738464,0.1048235968,
438.3202209,0.1040262505,
438.01297,0.09703100473,
437.7056885,0.09272444993,
437.5520325,0.08960000426,
437.2447205,0.08702143282,
436.9373779,0.08460085094,
436.7837219,0.08185024559,
436.4763489,0.07850156724,
436.3226624,0.07640110701,
436.0152893,0.0745383352,
435.7079163,0.07354142517,
435.5541992,0.0723465085,
435.2467651,0.06920829415,
434.9393311,0.06931959838,
434.785614,0.0690516755,
434.4781494,0.06807568669,
434.3244019,0.06757431477,
434.0169373,0.06773379445,
433.7094116,0.06717403978,
433.5556641,0.06760068983,
433.2481384,0.06613735855,
432.9405823,0.06584156305,
432.7868042,0.06528373063,
432.479248,0.06585701555,
432.3254395,0.06558944285,
432.0178528,0.06568215042,
431.7102356,0.06418804079,
431.556427,0.0648136735,
431.2487793,0.06326609105,
430.9411316,0.06268030405,
430.7872925,0.06295058131,
430.4796143,0.06203534454,
430.3257751,0.06139712408,
430.0180664,0.06220886856,
429.7103577,0.06293302029,
429.556488,0.06310522556,
429.2487183,0.06601586193,
428.940979,0.06644375622,
428.7870789,0.06690665334,
428.4792786,0.06854602695,
428.3254089,0.06933335215,
428.0175781,0.07449883968,
427.7097473,0.07540087402,
427.5558472,0.07755807787,
427.2479858,0.07866808772,
426.9401245,0.08519616723,
426.7861633,0.08879510313,
426.4782715,0.09352103621,
426.3243103,0.09513994306,
426.0164185,0.09882336855,
425.7084656,0.1049263254,
425.5545044,0.1049734578,
425.2465515,0.1078393087,
424.9385681,0.11030332,
424.7845764,0.1116701737,
424.4765625,0.1113420278,
424.3225708,0.1107541248,
424.0145264,0.1085003316,
423.7064819,0.1059700102,
423.5524597,0.1053176746,
423.2444153,0.09990534931,
422.9363098,0.09581966698,
422.7822571,0.09445799887,
422.4741516,0.09376858175,
422.3200989,0.09408589453,
422.0119629,0.09789809585,
421.7038269,0.1038996056,
421.5497437,0.1052580923,
421.2415771,0.111519821,
420.9333801,0.1214052513,
420.7792969,0.1279685199,
420.4710693,0.1408606768,
420.3169556,0.1549156904,
420.008728,0.1666867435,
419.70047,0.1744487435,
419.5463562,0.1901651919,
419.2380676,0.2058725804,
418.9297791,0.214532733,
418.7756348,0.2140265405,
418.4673157,0.2203751355,
418.3131409,0.2204582542,
418.0047913,0.2142029256,
417.6964417,0.2028620839,
417.5422668,0.2022185326,
417.2338867,0.1876042038,
416.9254761,0.1606360823,
416.7712708,0.1598614901,
416.4628601,0.1416880935,
416.3086243,0.1403094679,
416.0001831,0.1301593333,
415.6917419,0.1215849221,
415.5375061,0.1204373166,
415.2290039,0.1187541634,
415.0747681,0.1175935045,
414.7662354,0.1160502359,
414.4577332,0.11453747,
414.3034668,0.1144125015,
413.9949036,0.1125455797,
413.6863403,0.1110632718,
413.5320435,0.1093345433,
413.2234497,0.1024194956,
413.0691528,0.1009700149,
412.7605591,0.09411337972,
412.4519043,0.09376289696,
412.2976074,0.08926643431,
411.9889526,0.08094583452,
411.6802673,0.0763245374,
411.5259399,0.07428621501,
411.2172546,0.07370065898,
411.0628967,0.07024165988,
410.7541809,0.06658887863,
410.4454346,0.06490428746,
410.2910767,0.06436774135,
409.9823303,0.06352189928,
409.6735535,0.06052204594,
409.519165,0.05980416015,
409.2103577,0.05891046301,
409.0559387,0.05819804966,
408.7471313,0.05733541399,
408.4382935,0.05789359286,
408.2838745,0.05725808814,
407.9750061,0.05678783357,
407.8205872,0.05687009543,
407.5116882,0.05647265911,
407.2028198,0.05615800992,
407.0483398,0.05495737866,
406.7394409,0.05565231293,
406.430481,0.05609938875,
406.2760315,0.05541809276,
405.9670715,0.05480857566,
405.812561,0.05505471677,
405.5036011,0.05436889455,
405.1945801,0.0542306453,
405.0401001,0.05416686088,
404.7310791,0.05435446277,
404.5765381,0.05323446169,
404.2674866,0.05377748981,
403.9584351,0.05498017743,
403.803894,0.05429872498,
403.494812,0.05489178002,
403.18573,0.05383016914,
403.0311584,0.05454551801,
402.7220459,0.05413366854,
402.5674744,0.0538476631,
402.2583313,0.05411997437,
401.9491577,0.05391072854,
401.7945862,0.05456747115,
401.4853821,0.05458100513,
401.176178,0.05518267676,
401.0215759,0.05408663675,
400.7123718,0.05293039232,
400.5577393,0.05375935137,
400.2485046,0.05364935473,
399.9392395,0.05360835418,
399.7846069,0.05330768228,
399.4753113,0.05334271491,
399.3206482,0.05377054587,
399.0113525,0.05419451371,
398.7020264,0.05452720448,
398.5473633,0.05421882868,
398.2380066,0.05426285043,
397.9286499,0.05360589176,
397.7739563,0.05393109843,
397.4645691,0.05334063619,
397.3098755,0.05464385077,
397.0004883,0.05365328118,
396.69104,0.05325368792,
396.5363464,0.05308300257,
396.2268982,0.05366555229,
396.0721436,0.05351933092,
395.7626953,0.05286650732,
395.4532166,0.05413313955,
395.2984619,0.05397436023,
394.9889526,0.05296226963,
394.6794128,0.05344958976,
394.5246582,0.05384353176,
394.2151184,0.05454249308,
394.0603333,0.05385443196,
393.7507629,0.05387928337,
393.4411926,0.05439852923,
393.286377,0.05381361395,
392.9767761,0.05519082025,
392.8219604,0.0594128482,
392.5123291,0.05855345726,
392.2026978,0.05886009708,
392.0478821,0.06082364544,
391.7381897,0.0620864667,
391.4285278,0.0617037192,
391.2736816,0.0606841892,
390.9639587,0.06357388943,
390.8091125,0.06355075538,
390.4993896,0.06494739652,
390.1896362,0.06405713409,
390.0347595,0.0647033006,
389.7250061,0.06298290193,
389.5701294,0.06295435131,
389.2603455,0.06113984808,
388.950531,0.06072711945,
388.7956238,0.0615780279,
388.4858093,0.06264854968,
388.1759644,0.06320015341,
388.0210266,0.06391945481,
387.7111816,0.06927068532,
387.5562439,0.07247522473,
387.2463379,0.07665321976,
386.9364624,0.08377975225,
386.7814941,0.08534504473,
386.4715881,0.08673489839,
386.3166199,0.0881433636,
386.0066833,0.09328044206,
385.6967163,0.09584236145,
385.5417175,0.0962272808,
385.2317505,0.09551082551,
385.0767517,0.09352248162,
384.7667542,0.08662444353,
384.4567261,0.08270365,
384.3017273,0.08012084663,
383.9916687,0.07761149108,
383.6816101,0.07334741205,
383.5265808,0.0708989352,
383.2165222,0.0697767809,
383.0614624,0.07114943117,
382.7513733,0.07164900005,
382.4412537,0.07786481082,
382.2861938,0.08108475059,
381.9760437,0.08561681211,
381.8209839,0.08692275733,
381.5108337,0.08728602529,
381.2006531,0.08944381028,
381.0455627,0.0884411037,
380.7353516,0.08338844776,
380.4251709,0.08000521362,
380.27005,0.07691769302,
379.9598083,0.06955420971,
379.8046875,0.06534140557,
379.4944458,0.06262943894,
379.1841736,0.05944944918,
379.0290222,0.05896406993,
378.71875,0.05758151412,
378.5635986,0.0567137897,
378.2532959,0.05572873354,
377.9429626,0.05499888957,
377.7877808,0.05688948184,
377.4774475,0.05482146889,
377.3222656,0.05570068955,
377.0119019,0.0544026643,
376.7015076,0.05477853119,
376.5463257,0.05536527559,
376.2359009,0.05470662192,
375.9254761,0.05467444286,
375.7702637,0.05331956223,
375.4598389,0.05460818484,
375.3045959,0.05412029475,
374.9941406,0.05416392908,
374.6836548,0.05460929871,
374.5284119,0.05353774875,
374.217926,0.05340096354,
374.0626526,0.05315856263,
373.7521362,0.05435273051,
373.4416199,0.05406807736,
373.2863464,0.05421492457,
372.975769,0.05479835346,
372.8204956,0.05518114939,
372.5099182,0.05526454374,
372.1993103,0.05557631329,
372.0440063,0.05753322318,
371.7333984,0.05906287581,
371.42276,0.0606598407,
371.2674561,0.06381950527,
370.9568176,0.06781291962,
370.8014832,0.06995279342,
370.4908142,0.07430909574,
370.1801147,0.0795218125,
370.0247803,0.08307926357,
369.7140503,0.09023136646,
369.5587158,0.09410457313,
369.2479858,0.09654086828,
368.9372253,0.0986199975,
368.7818604,0.1013766751,
368.4710999,0.1050164774,
368.3157043,0.1055256277,
368.0049133,0.1062631011,
367.6941223,0.1068985239,
367.5387268,0.108243227,
367.2279053,0.1097598523,
367.0724792,0.1114148945,
366.7616272,0.1148096323,
366.4507751,0.1192537248,
366.2953491,0.1232393533,
365.9844666,0.1352773309,
365.673584,0.1515415013,
365.5181274,0.1513425559,
365.2072144,0.1651415229,
365.0517578,0.1737032086,
364.7408142,0.1924505234,
364.4298706,0.2060251385,
364.2743835,0.2069488466,
363.9634094,0.219478488,
363.8079224,0.2272723019,
363.4969482,0.2518779039,
363.1859436,0.2761496305,
363.030426,0.2784163058,
362.7194214,0.3010480106,
362.5639038,0.322176218,
362.2528381,0.3666914403,
361.9417725,0.4152576625,
361.7862549,0.4360044599,
361.4751587,0.5025542974,
361.3196106,0.5764026642,
361.0085144,0.6680016518,
360.6974182,0.7834032774,
360.5418396,0.7917397618,
360.2307129,0.7942304611,
360.0751343,0.740798831,
359.7639771,0.6083167195,
359.4528198,0.489687264,
359.2972107,0.4494394958,
358.9860229,0.3424421847,
358.6748352,0.2666755319,
358.5192261,0.2387920022,
358.2079773,0.1988233477,
358.0523682,0.1917480826,
357.7411194,0.1663198322,
357.4298706,0.143352136,
357.274231,0.1377100348,
356.9629517,0.1208687499,
356.807312,0.1185324639,
356.4960022,0.1087358221,
356.1846924,0.09868581593,
356.0290222,0.09593036026,
355.7176819,0.0905406177,
355.5620117,0.08877258748,
355.2506714,0.08679474145,
354.9393005,0.08129202574,
354.7835999,0.08059749752,
354.4721985,0.08007141203,
354.3164978,0.07989088446,
354.0050964,0.07981301099,
353.6936646,0.08086831123,
353.5379639,0.0802423656,
353.2265015,0.08170328289,
353.0707703,0.0817174688,
352.7593079,0.08110265434,
352.4478455,0.08319784701,
352.2920837,0.0823956728,
351.9805908,0.08421330154,
351.8248291,0.08348955214,
351.5133057,0.08225168288,
351.2017822,0.08086559176,
351.0460205,0.08043531328,
350.7344666,0.07994695753,
350.4228821,0.07954867184,
350.2671204,0.07974952459,
349.9555054,0.07950396836,
349.7997131,0.07990970463,
349.4881287,0.08248834312,
349.1764832,0.08427838236,
349.0206909,0.08588739485,
348.7090454,0.09143394232,
348.5532227,0.09373501688,
348.2415466,0.09933564812,
347.9298706,0.10086447,
347.7740479,0.1018092409,
347.4623413,0.1031824425,
347.306488,0.1033445448,
346.9947815,0.101358138,
346.6830444,0.09845682234,
346.5271606,0.09779510647,
346.2154236,0.09462302923,
346.0595398,0.09348353744,
345.7477722,0.09077332169,
345.4360046,0.09051721543,
345.2800903,0.09009221196,
344.9682922,0.0916326344,
344.8124084,0.09290035814,
344.5005798,0.09265619516,
344.1887512,0.09348325431,
344.0328064,0.09253115207,
343.7209778,0.0912405476,
343.565033,0.09133761376,
343.2531738,0.08923816681,
342.9412842,0.08775688708,
342.7853088,0.08592452854,
342.4734192,0.08320806921,
342.3174438,0.08210352063,
342.0055237,0.0823347792,
341.6936035,0.08218333125,
341.5376282,0.08206743002,
341.225647,0.08290562779,
341.0696716,0.08281496167,
340.7576904,0.08264371753,
340.4457092,0.0822571218,
340.2897034,0.08249316365,
339.9776917,0.08150864393,
339.8216858,0.08026412874,
339.5096436,0.07988101989,
339.1976013,0.07899659127,
339.0415649,0.0795263499,
338.7295227,0.07756265253,
338.5734863,0.07736831903,
338.2613831,0.07809401304,
337.9492798,0.07843008637,
337.7932434,0.07884596288,
337.4811096,0.08159840852,
337.3250732,0.080660142,
337.0129089,0.08229504526,
336.7007751,0.08281324059,
336.5447083,0.08345262706,
336.2325134,0.08534897864,
336.0764465,0.08594096452,
335.7642517,0.08853596449,
335.4520569,0.08997242898,
335.295929,0.09163410217,
334.9837341,0.1004055366,
334.8276062,0.1033212915,
334.5153809,0.1164252385,
334.203125,0.121984452,
334.0469971,0.1273871958,
333.7347107,0.139856264,
333.4224243,0.138750717,
333.2662964,0.1370790452,
332.9539795,0.1311655939,
332.797821,0.124488689,
332.4855042,0.1073263511,
332.1731567,0.09806933254,
332.0169983,0.09545777738,
331.7046509,0.09082753211,
331.5484619,0.08759388328,
331.236084,0.0833870694,
330.9237061,0.08027113974,
330.7674866,0.07845715433,
330.4550781,0.0756085068,
330.2988892,0.0744195953,
329.9864502,0.07041730732,
329.6740112,0.06792169064,
329.5177917,0.0681656599,
329.2053528,0.06611990184,
329.0491028,0.06662683934,
328.7366333,0.06408017129,
328.4241333,0.06451217085,
328.2678833,0.06421411783,
327.9553833,0.06490365416,
327.7991333,0.06526790559,
327.4866028,0.06478656083,
327.1740723,0.06436089426,
327.0177917,0.06379687041,
326.7052307,0.0642491132,
326.5489502,0.06397353113,
326.2363892,0.06433714926,
325.9237976,0.06459539384,
325.7674866,0.06490867585,
325.4548645,0.06447172165,
325.298584,0.0654033944,
324.9859314,0.06602197886,
324.6733093,0.06538976729,
324.5169678,0.06587430835,
324.2043152,0.06673274934,
324.0480042,0.06671056151,
323.735321,0.06722078472,
323.4226379,0.06772997975,
323.2662659,0.06854960322,
322.9535828,0.06820750982,
322.7972107,0.06838649511,
322.4844971,0.07018436491,
322.328125,0.06907303631,
322.0153809,0.0704016611,
321.7026062,0.07010270655,
321.5462341,0.07134409249,
321.2334595,0.06890093535,
321.0770569,0.06957933307,
320.7642822,0.07065696269,
320.4514465,0.06998420507,
320.2950439,0.07081218064,
319.9822388,0.07080382854,
319.8258057,0.07083058357,
319.51297,0.07108649611,
319.2001038,0.07193239778,
319.0436707,0.07168355584,
318.7308044,0.07157466561,
318.5743713,0.07205913216,
318.2614746,0.07241830975,
317.9485779,0.07332675159,
317.7921143,0.07338109612,
317.479187,0.07328789681,
317.3227234,0.07349206507,
317.0097656,0.07476298511,
316.6968384,0.07537676394,
316.5403442,0.07527020574,
316.227356,0.07677399367,
316.0708923,0.07669201493,
315.7579041,0.07672119886,
315.4448853,0.07796379924,
315.2883911,0.07807616144,
314.9753723,0.07841941714,
314.8188477,0.07854418457,
314.5057983,0.07959978282,
314.192749,0.07968601584,
314.0362244,0.08006932586,
313.7231445,0.08117027581,
313.5666199,0.08160927892,
313.25354,0.08179286867,
312.9404297,0.08290330321,
312.7838745,0.08299007267,
312.4707642,0.08309650421,
312.314209,0.08406744897,
312.0010681,0.08503181487,
311.6879272,0.08507784456,
311.5313416,0.08554039896,
311.2181702,0.08707346022,
311.0615845,0.08593206853,
310.7484131,0.08714552969,
310.4352112,0.0875191763,
310.278595,0.08795457333,
309.9653931,0.08964470774,
309.8087769,0.08964378387,
309.4955444,0.09036576003,
309.182312,0.09078334272,
309.0256653,0.09115863591,
308.7124329,0.09213915467,
308.5557861,0.09253083169,
308.2424927,0.09305876493,
307.9292297,0.09378496557,
307.7725525,0.09453934431,
307.459259,0.09560330957,
307.3026123,0.09593949467,
306.9892578,0.09677390009,
306.6759338,0.09691793472,
306.5192566,0.09806112945,
306.2059021,0.09888219833,
306.0492249,0.09943376482,
305.7358398,0.1002986282,
305.4224548,0.09988909215,
305.2657776,0.1016381904,
304.9523621,0.1024692133,
304.7956543,0.1026184559,
304.4822388,0.1039416343,
304.325531,0.1037058383,
304.012085,0.1046307683,
303.6986389,0.1068471745,
303.5419006,0.1069827303,
303.2284546,0.1077977046,
303.0717163,0.1082383096,
302.7582092,0.1090127155,
302.4447327,0.1107378229,
302.2879639,0.1113361418,
301.9744568,0.1117117181,
301.817688,0.1127067581,
301.5041809,0.1130951717,
301.1906128,0.1149148121,
301.033844,0.1152621359,
300.7202759,0.1165282428,
300.5635071,0.1171281859,
300.249939,0.1184180379,
299.9363403,0.1201285273,
299.779541,0.1207094043,
299.4659424,0.1222768947,
299.3091125,0.1231521741,
298.9955139,0.1243996769,
298.6818542,0.1270735562,
298.5250549,0.1282786578,
298.2113953,0.1303834021,
298.0545654,0.1309465021,
297.7409058,0.1330403537,
297.4272156,0.1363974065,
297.2703857,0.1370477825,
296.956665,0.1404053867,
296.7998047,0.140681088,
296.4861145,0.1422687322,
296.1723633,0.1468824744,
296.0155029,0.1474905908,
295.7017517,0.1514246464,
295.5448914,0.1515379846,
295.2311401,0.1544735879,
295.0742493,0.1575571597,
294.7604675,0.1613346636,
294.4466858,0.164841488,
294.2897949,0.1656695306,
293.9759827,0.1685191393,
293.8190613,0.169889167,
293.505249,0.1746511757,
293.1914063,0.1764924973,
293.0344849,0.1771480888,
292.7206421,0.1798226535,
292.5637207,0.1811629981,
292.2498474,0.1839324534,
291.9359741,0.1860623062,
291.7790222,0.1868703514,
291.4651184,0.1920280606,
291.3081665,0.1965240091,
290.9942627,0.2096655518,
290.6803284,0.2229239345,
290.5233765,0.222450912,
290.2094116,0.2398717254,
290.0524597,0.2502453327,
289.7384949,0.2611193657,
289.42453,0.2621939778,
289.2675476,0.2600450218,
288.9535522,0.2576470971,
288.7965393,0.2558287084,
288.4825439,0.2627604604,
288.325531,0.2687917352,
288.0115356,0.2886866629,
287.6975098,0.3129021525,
287.5404663,0.3348979354,
287.2264404,0.3585444391,
287.069397,0.3519296646,
286.7553406,0.3295609057,
286.4412537,0.3088966906,
286.2842407,0.2744723558,
285.9701233,0.2322864383,
285.8130798,0.217333138,
285.4989929,0.2006353289,
285.1848755,0.1931366622,
285.0278015,0.1903516948,
284.7136536,0.1867553294,
284.5565796,0.1863269508,
284.2424316,0.1858920604,
283.9282837,0.1862291247,
283.7712097,0.1874827296,
283.4570313,0.1894407719,
283.2999268,0.1906006634,
282.9857178,0.1921847016,
282.6715088,0.1942127496,
282.5144043,0.1960672438,
282.2001953,0.200841099,
282.0430908,0.2027863115,
281.7288513,0.2082671821,
281.5717163,0.2081922144,
281.2574768,0.2170414925,
280.9432068,0.2273754627,
280.7860718,0.2319322824,
280.4717712,0.2489282489,
280.3146362,0.2530815899,
280.0003357,0.2982468307,
279.6860352,0.3406752348,
279.5288696,0.3598779738,
279.2145386,0.3905923367,
279.057373,0.3963039517,
278.743042,0.4062589407,
278.4286804,0.3771064878,
278.2715149,0.3588486612,
277.9571533,0.3238086402,
277.7999573,0.3145081997,
277.4855652,0.2822355628,
277.3283691,0.2727176845,
277.0139771,0.2623222768,
276.6995544,0.2591459751,
276.5423584,0.2581024468,
276.2279358,0.2552625537,
276.0707092,0.2547681034,
275.7562866,0.2540895045,
275.4418335,0.2543999553,
275.2845764,0.2551748753,
274.9701233,0.2564515769,
274.8128967,0.2568240762,
274.4984131,0.2588166893,
274.1838989,0.2594096959,
274.0266418,0.2596405447,
273.7121582,0.2602486014,
273.5548706,0.260486424,
273.2403564,0.2607766092,
272.9258118,0.2614405453,
272.7685547,0.2617056072,
272.45401,0.2627827525,
272.2967224,0.2639709711,
271.9821472,0.2647616267,
271.8248596,0.2657182515,
271.5102844,0.2663837373,
271.1956787,0.2684099674,
271.0383911,0.2696694732,
270.7237549,0.2731875181,
270.5664673,0.2735495567,
270.2518311,0.2762669623,
269.9371948,0.280323267,
269.7798767,0.2814206183,
269.46521,0.2841735184,
269.3078918,0.2844366431,
268.9932251,0.2851046622,
268.6785583,0.2879422903,
268.5212097,0.2891024947,
268.2065125,0.2929653823,
268.0491638,0.2950174809,
267.7344666,0.2965970635,
267.5770874,0.2988056839,
267.2623596,0.3041652739,
266.9476318,0.3074483871,
266.7902832,0.3089216352,
266.4755249,0.3108293712,
266.3181458,0.3129471838,
266.0033875,0.3186318278,
265.6885986,0.3221257627,
265.5312195,0.3250302076,
265.2164307,0.3292759359,
265.059021,0.3334709704,
264.7442017,0.3428232968,
264.4293823,0.3464737833,
264.2719727,0.3503993154,
263.9571533,0.353083998,
263.7997437,0.3574101031,
263.4848938,0.3693716824,
263.3274536,0.371969223,
263.0126038,0.3852918148,
262.6977234,0.3894153237,
262.5402832,0.3971538842,
262.2254028,0.4106018543,
262.0679626,0.413728416,
261.7530518,0.4203474224,
261.4381409,0.4214477837,
261.2806702,0.4225369692,
260.9657593,0.4277231693,
260.8082886,0.4295034409,
260.4933472,0.4341775775,
260.1783752,0.435564965,
260.0209045,0.4379716218,
259.7059326,0.441124171,
259.5484619,0.4416363537,
259.2334595,0.4422903955,
259.0759888,0.4419329464,
258.7609863,0.4419638515,
258.4459839,0.4453513026,
258.2884521,0.4459175467,
257.9734497,0.4506897926,
257.815918,0.4516918659,
257.500885,0.4571948946,
257.1858521,0.4669379592,
257.0283203,0.4685162008,
256.7132568,0.4762486219,
256.5557251,0.4767771959,
256.2406311,0.4835852683,
255.9255524,0.4966874123,
255.7680054,0.4988722801,
255.4529114,0.5067625642,
255.2953491,0.505962491,
254.9802399,0.5152505636,
254.8226776,0.5195983648,
254.5075531,0.5329020619,
254.1924133,0.5427050591,
254.0348358,0.5441828966,
253.7196808,0.5515137315,
253.5621033,0.559401989,
253.246933,0.5730848312,
252.9317474,0.5832528472,
252.7741547,0.5855499506,
252.4589539,0.5914930701,
252.3013611,0.5983824134,
251.986145,0.6143032908,
251.828537,0.6206334233,
251.5133209,0.6334375143,
251.1980896,0.6430280805,
251.0404663,0.6547640562,
250.7252197,0.6773725152,
250.5675964,0.6818714142,
250.2523346,0.6956554651,
249.937439,0.7030652761,
249.7807312,0.7099172473,
249.4673309,0.7196918726,
249.3106232,0.7231444716,
248.9972076,0.7322558165,
248.6837769,0.7400874496,
248.5270538,0.7476096153,
248.2136078,0.761813283,
248.0568848,0.7677578926,
247.7434387,0.7786971331,
247.4299622,0.7861447334,
247.2732239,0.7951305509,
246.9597473,0.8088712096,
246.803009,0.8154188395,
246.489502,0.8246090412,
246.1759949,0.8394429684,
246.0192413,0.8482871056,
245.705719,0.8733692169,
245.5489655,0.8832738996,
245.2354279,0.9060229659,
244.9218903,0.919459343,
244.7651062,0.9391453862,
244.4515533,0.9745913148,
244.2947693,0.9836329222,
243.9812012,1.017036915,
243.8244171,1.019292474,
243.5108337,1.067349076,
243.1972351,1.107953668,
243.0404358,1.128774643,
242.7268219,1.165489316,
242.5700226,1.166474938,
242.2563934,1.227796912,
241.9427643,1.284728885,
241.7859497,1.326516271,
241.4723053,1.385802865,
241.3154755,1.391818285,
241.0018158,1.48533082,
240.6881561,1.503937721,
240.531311,1.497471333,
240.2176361,1.471956372,
240.060791,1.469017148,
239.7471008,1.46827352,
239.4333954,1.484867215,
239.276535,1.514151454,
238.9628143,1.549684167,
238.805954,1.545023322,
238.492218,1.602808475,
238.1784821,1.681672931,
238.0216064,1.693619847,
237.7078552,1.732779026,
237.5509796,1.721864343,
237.2371979,1.8232131,
236.9234314,1.914879084,
236.7665405,1.919703245,
236.4527435,1.983501673,
236.2958374,1.995613098,
235.9820404,2.097278118,
235.8251343,2.119061708,
235.511322,2.157275915,
235.1974945,2.189182281,
235.0405731,2.336405039,
234.7267303,2.340734482,
234.569809,2.451763391,
234.2559509,2.390111446,
233.9420929,2.517458677,
233.7851563,2.811052084,
233.471283,2.510972977,
233.3143463,2.640092373,
233.0004425,2.613103628,
232.686554,2.711972952,
232.5296021,2.580301523,
232.215683,3.111863375,
232.0587311,2.900247097,
231.7447968,3.085933208,
231.4308624,2.646528006,
231.2738953,3.275996685,
230.9599457,10,
230.8029785,3.092239141,
230.4890137,3.316467762,
230.1750488,2.762899399,
230.0180511,3.170235634,
229.704071,2.864466429,
229.5470734,4.45296669,
229.233078,10,
229.0760803,4.141146183,
228.7620697,4.082512379,
228.4480591,4.31371212,
228.2910461,4.022157192,
227.9770203,4.530698299,
227.8199921,3.922301769,
227.5059509,3.87214613,
227.1918945,3.79948926,
227.0348663,4.134873867,
226.7208099,3.721123457,
226.5637665,3.597592592,
226.2496948,3.556166649,
225.9356079,3.590274811,
225.7785492,3.787065029,
225.4644623,3.521611214,
225.3074036,3.610170841,
224.9932861,3.798505783,
224.6791687,3.649772882,
224.52211,3.670646191,
224.2079773,3.729181528,
224.0509033,3.493705034,
223.7367554,3.544695616,
223.4225922,3.731626511,
223.2655182,3.610898256,
222.951355,3.764548779,
222.7942657,3.547072649,
222.480072,3.490589142,
222.3229828,3.958328009,
222.0087891,3.574691534,
221.6945953,3.505816698,
221.5374908,3.595418692,
221.2232666,3.678019762,
221.0661621,3.631968021,
220.7519379,3.48149991,
220.4376984,3.292457581,
220.2805786,4.019041061,
219.9663239,3.513064623,
219.8092041,3.736713171,
219.4949341,3.770102739,
219.1806641,3.491765976,
219.0235291,3.610211611,
218.7092438,3.527510166,
218.5520935,3.956509352,
218.2378082,3.690204382,
217.9235077,3.48597455,
217.7663422,3.592095375,
217.4520264,3.641661882,
217.2948761,3.471658468,
216.980545,3.620404005,
216.8233795,3.493604183,
216.5090332,3.620397329,
216.1946869,3.396799803,
216.0375061,3.503857374,
215.7231445,3.52058053,
215.5659637,3.65504241,
215.2515869,3.69772172,
214.9372101,3.758783817,
214.780014,3.470772505,
214.4656219,3.853940248,
214.3084259,3.317102909,
213.9940186,3.786243677,
213.6795959,3.946372271,
213.5223846,3.79529357,
213.207962,3.402820587,
213.0507507,3.423607111,
212.7363129,3.557005167,
212.4218597,3.730445862,
212.2646332,3.469406843,
211.9501801,3.481632948,
211.7929382,3.766947269,
211.4784698,3.519241333,
211.321228,3.508877516,
211.0067444,3.76832056,
210.6922607,3.583090305,
210.5350037,3.791995049,
210.2205048,3.573298693,
210.0632477,4.046999454,
209.7487335,3.537284374,
209.4342041,3.462237597,
209.276947,3.414749622,
208.9624023,4.011878014,
208.8051453,3.784033775,
208.4905853,3.622954607,
208.1760406,3.293074608,
208.0187531,10,
207.7041931,3.50183177,
207.5469055,4.548088551,
207.2323151,3.612842083,
207.0750275,3.529063702,
206.760437,3.583840132,
206.4458313,3.793514252,
206.2885284,3.60737443,
205.9739227,3.578694105,
205.8166199,3.658083439,
205.5019989,3.786240816,
205.1873627,3.491440296,
205.0300446,3.72484374,
204.7154083,3.810583353,
204.558075,3.605230093,
204.2434235,3.863512754,
203.9287567,3.47889328,
203.7714233,3.976601362,
203.4567566,3.552165508,
203.2994232,3.933954716,
202.984726,3.744964123,
202.8273926,3.489743471,
202.5126953,3.522827625,
202.1979828,3.292545557,
202.0406342,3.658594131,
201.7259064,4.089315891,
201.5685577,3.624374628,
201.25383,3.386158228,
200.9390869,3.669453859,
200.781723,3.734345675,
200.46698,3.536099911,
200.3096008,3.659169674,
199.9947662,3.598735571,

