Wavelength,Abs
1800,0.074234709
1799.5,0.07407473
1799,0.073846072
1798.5,0.073509023
1798,0.073244073
1797.5,0.073028319
1797,0.072837286
1796.5,0.072638534
1796,0.0724492
1795.5,0.072256282
1795,0.072052136
1794.5,0.071851969
1794,0.071685299
1793.5,0.071501598
1793,0.071368493
1792.5,0.071232721
1792,0.071026132
1791.5,0.070837773
1791,0.070712641
1790.5,0.070503317
1790,0.07035695
1789.5,0.070188232
1789,0.069982536
1788.5,0.06984023
1788,0.069729425
1787.5,0.069542028
1787,0.069413833
1786.5,0.069264159
1786,0.069161393
1785.5,0.069012046
1785,0.068895295
1784.5,0.068781853
1784,0.068694457
1783.5,0.06854105
1783,0.068429433
1782.5,0.068284392
1782,0.06814985
1781.5,0.068015344
1781,0.067923352
1780.5,0.067813858
1780,0.06768167
1779.5,0.067558654
1779,0.067449942
1778.5,0.067336336
1778,0.067277394
1777.5,0.067156181
1777,0.067083552
1776.5,0.066973299
1776,0.066877179
1775.5,0.066810936
1775,0.066710532
1774.5,0.066586465
1774,0.066511065
1773.5,0.066469669
1773,0.066352069
1772.5,0.06628032
1772,0.066213235
1771.5,0.066098563
1771,0.066030569
1770.5,0.065967947
1770,0.065874971
1769.5,0.06582021
1769,0.065787919
1768.5,0.06572777
1768,0.065657638
1767.5,0.065595374
1767,0.065521106
1766.5,0.065434337
1766,0.065392293
1765.5,0.065338641
1765,0.06523665
1764.5,0.065197214
1764,0.065140463
1763.5,0.065058306
1763,0.065022312
1762.5,0.064938433
1762,0.064879037
1761.5,0.064866327
1761,0.064791128
1760.5,0.0647588
1760,0.064705282
1759.5,0.064658239
1759,0.06462054
1758.5,0.064541124
1758,0.064521752
1757.5,0.064509407
1757,0.064435624
1756.5,0.064419746
1756,0.064352341
1755.5,0.064284168
1755,0.064252809
1754.5,0.064194165
1754,0.064161547
1753.5,0.064108282
1753,0.064056978
1752.5,0.064011924
1752,0.063991524
1751.5,0.063924372
1751,0.063871473
1750.5,0.063827209
1750,0.063803703
1749.5,0.063768536
1749,0.063683793
1748.5,0.063657507
1748,0.063575715
1747.5,0.063565619
1747,0.063519537
1746.5,0.063475698
1746,0.063447542
1745.5,0.063404009
1745,0.063342519
1744.5,0.063283429
1744,0.063242048
1743.5,0.063216478
1743,0.063188508
1742.5,0.063140877
1742,0.06309256
1741.5,0.063052394
1741,0.063010342
1740.5,0.063015491
1740,0.063012078
1739.5,0.062956117
1739,0.062941752
1738.5,0.062944718
1738,0.062940471
1737.5,0.062913924
1737,0.062929817
1736.5,0.062933229
1736,0.062938973
1735.5,0.062908657
1735,0.062919639
1734.5,0.062905103
1734,0.062965244
1733.5,0.062982179
1733,0.063002743
1732.5,0.063075833
1732,0.063120313
1731.5,0.063170396
1731,0.063201025
1730.5,0.063305773
1730,0.063384779
1729.5,0.063460961
1729,0.063552223
1728.5,0.063617431
1728,0.063724466
1727.5,0.063789316
1727,0.063834228
1726.5,0.063920923
1726,0.063917652
1725.5,0.06401813
1725,0.064056441
1724.5,0.064144023
1724,0.064244732
1723.5,0.064245366
1723,0.064275019
1722.5,0.064321063
1722,0.064310856
1721.5,0.064282969
1721,0.064273186
1720.5,0.064246714
1720,0.064232759
1719.5,0.064171359
1719,0.064097121
1718.5,0.064005747
1718,0.063896179
1717.5,0.063855335
1717,0.063740417
1716.5,0.06361372
1716,0.06349808
1715.5,0.063392363
1715,0.063251689
1714.5,0.063145697
1714,0.063017882
1713.5,0.0628867
1713,0.062771343
1712.5,0.062677793
1712,0.062508263
1711.5,0.062417459
1711,0.062310625
1710.5,0.062253829
1710,0.062173262
1709.5,0.062073298
1709,0.061979655
1708.5,0.061946396
1708,0.061866693
1707.5,0.061864931
1707,0.061796285
1706.5,0.061752237
1706,0.061751191
1705.5,0.061713893
1705,0.061715562
1704.5,0.061702941
1704,0.061655205
1703.5,0.061692648
1703,0.061679907
1702.5,0.06169381
1702,0.061711982
1701.5,0.061761726
1701,0.061776228
1700.5,0.06182792
1700,0.06183771
1699.5,0.061863262
1699,0.061902095
1698.5,0.061930783
1698,0.061983865
1697.5,0.062028386
1697,0.062076762
1696.5,0.062093634
1696,0.062185749
1695.5,0.062219176
1695,0.062280957
1694.5,0.062309969
1694,0.062350187
1693.5,0.062408254
1693,0.062424421
1692.5,0.062475443
1692,0.062544405
1691.5,0.06256976
1691,0.062635809
1690.5,0.062690176
1690,0.062777177
1689.5,0.062851489
1689,0.062930949
1688.5,0.062920332
1688,0.063008279
1687.5,0.063061729
1687,0.063104264
1686.5,0.063226357
1686,0.063242346
1685.5,0.063292295
1685,0.063349076
1684.5,0.063399881
1684,0.063457064
1683.5,0.063525409
1683,0.063669406
1682.5,0.063694552
1682,0.063787788
1681.5,0.063861847
1681,0.063904576
1680.5,0.064034663
1680,0.064108491
1679.5,0.064173877
1679,0.064282641
1678.5,0.064402662
1678,0.064489074
1677.5,0.064578004
1677,0.064672865
1676.5,0.064812742
1676,0.064914659
1675.5,0.06501215
1675,0.065178268
1674.5,0.065270104
1674,0.065415792
1673.5,0.065566294
1673,0.065734036
1672.5,0.065864123
1672,0.066034004
1671.5,0.066216551
1671,0.066313252
1670.5,0.066480987
1670,0.066641204
1669.5,0.066784613
1669,0.066972516
1668.5,0.067165427
1668,0.067339748
1667.5,0.067536727
1667,0.067753732
1666.5,0.067948505
1666,0.068132132
1665.5,0.068407916
1665,0.068619624
1664.5,0.068781033
1664,0.069068246
1663.5,0.069238469
1663,0.069514953
1662.5,0.069757149
1662,0.069981284
1661.5,0.070256054
1661,0.070451953
1660.5,0.070689373
1660,0.070942886
1659.5,0.071190998
1659,0.071446151
1658.5,0.071698092
1658,0.071954705
1657.5,0.072208285
1657,0.072475903
1656.5,0.072753474
1656,0.073014572
1655.5,0.073279344
1655,0.073556393
1654.5,0.073801525
1654,0.074059807
1653.5,0.074307404
1653,0.074549057
1652.5,0.074820302
1652,0.07509508
1651.5,0.075387083
1651,0.075626254
1650.5,0.075921051
1650,0.076166473
1649.5,0.076449998
1649,0.076690532
1648.5,0.076930821
1648,0.07716649
1647.5,0.07743229
1647,0.077674389
1646.5,0.077911511
1646,0.078153692
1645.5,0.078376226
1645,0.078596205
1644.5,0.07885962
1644,0.079075746
1643.5,0.079316311
1643,0.079537041
1642.5,0.079746567
1642,0.079953082
1641.5,0.080148399
1641,0.080337688
1640.5,0.080529064
1640,0.080742903
1639.5,0.080880187
1639,0.081067368
1638.5,0.081213683
1638,0.081360549
1637.5,0.081546091
1637,0.081680723
1636.5,0.081841841
1636,0.081979632
1635.5,0.082119778
1635,0.082233317
1634.5,0.082384221
1634,0.08250346
1633.5,0.082615912
1633,0.082734309
1632.5,0.082809202
1632,0.082915209
1631.5,0.083032466
1631,0.083126031
1630.5,0.083219111
1630,0.083313681
1629.5,0.08337374
1629,0.083412789
1628.5,0.083474584
1628,0.083526574
1627.5,0.083568245
1627,0.083626293
1626.5,0.083701774
1626,0.083749838
1625.5,0.083798938
1625,0.08382123
1624.5,0.083894826
1624,0.083955437
1623.5,0.083981633
1623,0.084080264
1622.5,0.084078476
1622,0.084179521
1621.5,0.08424972
1621,0.084317483
1620.5,0.084418833
1620,0.084460057
1619.5,0.084543861
1619,0.084614061
1618.5,0.084713809
1618,0.084816419
1617.5,0.084948547
1617,0.085073628
1616.5,0.085257493
1616,0.085434496
1615.5,0.085587554
1615,0.085810713
1614.5,0.086082019
1614,0.086320713
1613.5,0.086607285
1613,0.086895153
1612.5,0.087211184
1612,0.087541625
1611.5,0.087915488
1611,0.088348523
1610.5,0.088777728
1610,0.089239344
1609.5,0.089728847
1609,0.090308361
1608.5,0.090885319
1608,0.091507919
1607.5,0.092176408
1607,0.092850544
1606.5,0.093550831
1606,0.094340801
1605.5,0.095182419
1605,0.096043691
1604.5,0.096914664
1604,0.097871862
1603.5,0.098776445
1603,0.099800974
1602.5,0.100788459
1602,0.101922222
1601.5,0.102939315
1601,0.104056485
1600.5,0.105143517
1600,0.106230542
1599.5,0.107328475
1599,0.108488739
1598.5,0.109610923
1598,0.11073602
1597.5,0.111797132
1597,0.112920761
1596.5,0.114004962
1596,0.115129203
1595.5,0.116172358
1595,0.117246985
1594.5,0.118258745
1594,0.119169653
1593.5,0.120164707
1593,0.121052399
1592.5,0.121965975
1592,0.122814558
1591.5,0.123592928
1591,0.124348871
1590.5,0.125021204
1590,0.125723302
1589.5,0.126301125
1589,0.126837909
1588.5,0.127363235
1588,0.127737582
1587.5,0.128109723
1587,0.128400579
1586.5,0.128677815
1586,0.128872559
1585.5,0.128993988
1585,0.129093573
1584.5,0.129112601
1584,0.129059568
1583.5,0.12898919
1583,0.128811762
1582.5,0.12866576
1582,0.128436208
1581.5,0.128191605
1581,0.127915755
1580.5,0.127534494
1580,0.127198339
1579.5,0.126810938
1579,0.126378059
1578.5,0.126019627
1578,0.12562342
1577.5,0.12519829
1577,0.124766819
1576.5,0.124337219
1576,0.123951741
1575.5,0.123635903
1575,0.123319946
1574.5,0.122960553
1574,0.122680903
1573.5,0.122455172
1573,0.122237377
1572.5,0.122067176
1572,0.12196625
1571.5,0.121832103
1571,0.121818803
1570.5,0.121812567
1570,0.121836864
1569.5,0.121950887
1569,0.122093856
1568.5,0.122300252
1568,0.122554705
1567.5,0.122845717
1567,0.12320666
1566.5,0.123593576
1566,0.124054648
1565.5,0.124499865
1565,0.125057131
1564.5,0.125664741
1564,0.126329899
1563.5,0.12701273
1563,0.127778024
1562.5,0.12852779
1562,0.129325882
1561.5,0.130224794
1561,0.131106213
1560.5,0.132098228
1560,0.13309595
1559.5,0.134072393
1559,0.13517724
1558.5,0.136274591
1558,0.137458801
1557.5,0.138621047
1557,0.139903843
1556.5,0.141127303
1556,0.142278612
1555.5,0.143656194
1555,0.144953296
1554.5,0.146342337
1554,0.14773427
1553.5,0.149116293
1553,0.150506184
1552.5,0.151892632
1552,0.1533961
1551.5,0.154851496
1551,0.156315833
1550.5,0.15784885
1550,0.159195483
1549.5,0.160669729
1549,0.162093803
1548.5,0.163610652
1548,0.165082127
1547.5,0.166465655
1547,0.1679205
1546.5,0.169187293
1546,0.170673132
1545.5,0.172021955
1545,0.173415721
1544.5,0.174792841
1544,0.176072493
1543.5,0.177373529
1543,0.178618237
1542.5,0.179980636
1542,0.181159467
1541.5,0.182414338
1541,0.183611378
1540.5,0.184723616
1540,0.185891226
1539.5,0.186983287
1539,0.188081905
1538.5,0.18912676
1538,0.190164864
1537.5,0.191131175
1537,0.192104116
1536.5,0.193110377
1536,0.194023162
1535.5,0.194975436
1535,0.195857987
1534.5,0.196707532
1534,0.197510183
1533.5,0.198296756
1533,0.199121311
1532.5,0.199825242
1532,0.200529963
1531.5,0.201267988
1531,0.201910645
1530.5,0.20258899
1530,0.203251213
1529.5,0.203894854
1529,0.204430312
1528.5,0.205042586
1528,0.205549672
1527.5,0.206003547
1527,0.206446707
1526.5,0.206850633
1526,0.207252726
1525.5,0.207552359
1525,0.207854465
1524.5,0.208146647
1524,0.208303019
1523.5,0.208508149
1523,0.208649248
1522.5,0.208786964
1522,0.208797425
1521.5,0.208816066
1521,0.20873706
1520.5,0.208633557
1520,0.208531126
1519.5,0.208333135
1519,0.208165512
1518.5,0.207884044
1518,0.207622796
1517.5,0.20721744
1517,0.206892893
1516.5,0.206413478
1516,0.205974519
1515.5,0.205410227
1515,0.204927966
1514.5,0.204351321
1514,0.203757644
1513.5,0.203081518
1513,0.202451944
1512.5,0.201764539
1512,0.201155633
1511.5,0.200471267
1511,0.199845061
1510.5,0.199153289
1510,0.198489845
1509.5,0.197841331
1509,0.19722791
1508.5,0.196677402
1508,0.196054921
1507.5,0.195502162
1507,0.194955155
1506.5,0.194474965
1506,0.194051892
1505.5,0.1936436
1505,0.193341807
1504.5,0.193056956
1504,0.192874402
1503.5,0.192715019
1503,0.192674965
1502.5,0.19265604
1502,0.192743793
1501.5,0.192924812
1501,0.193199053
1500.5,0.19360213
1500,0.194012359
1499.5,0.194560319
1499,0.195165396
1498.5,0.195904732
1498,0.196732938
1497.5,0.197642535
1497,0.198682457
1496.5,0.19976911
1496,0.201017931
1495.5,0.202326626
1495,0.203723058
1494.5,0.205174759
1494,0.206801459
1493.5,0.208465099
1493,0.210086972
1492.5,0.211961269
1492,0.213922277
1491.5,0.215880588
1491,0.218002632
1490.5,0.220087141
1490,0.22228764
1489.5,0.224352464
1489,0.226796657
1488.5,0.229055047
1488,0.231480792
1487.5,0.233952999
1487,0.236276925
1486.5,0.238707542
1486,0.241143584
1485.5,0.243710175
1485,0.246140242
1484.5,0.248653337
1484,0.251110256
1483.5,0.253378868
1483,0.255865008
1482.5,0.258247197
1482,0.260597318
1481.5,0.263026834
1481,0.265329719
1480.5,0.26747644
1480,0.269593865
1479.5,0.271838099
1479,0.273818553
1478.5,0.275797427
1478,0.277742475
1477.5,0.27948162
1477,0.281128198
1476.5,0.28271547
1476,0.284287244
1475.5,0.285647303
1475,0.286955297
1474.5,0.288192034
1474,0.28925848
1473.5,0.290312707
1473,0.291260749
1472.5,0.292189211
1472,0.292950183
1471.5,0.293587625
1471,0.294067293
1470.5,0.294466645
1470,0.294770062
1469.5,0.294908285
1469,0.294961929
1468.5,0.294824481
1468,0.294622839
1467.5,0.2942954
1467,0.293917835
1466.5,0.293430179
1466,0.292819679
1465.5,0.292074591
1465,0.2913104
1464.5,0.29051885
1464,0.289461881
1463.5,0.288415909
1463,0.287277192
1462.5,0.286097527
1462,0.284777701
1461.5,0.283414334
1461,0.282003105
1460.5,0.280445993
1460,0.278864116
1459.5,0.277223349
1459,0.275447011
1458.5,0.273794532
1458,0.271956325
1457.5,0.270137459
1457,0.268245935
1456.5,0.266286939
1456,0.264322132
1455.5,0.26225552
1455,0.260370821
1454.5,0.258128434
1454,0.256042063
1453.5,0.253882557
1453,0.251723468
1452.5,0.249623746
1452,0.247413829
1451.5,0.24531731
1451,0.242969081
1450.5,0.240710765
1450,0.23851724
1449.5,0.236092463
1449,0.233857989
1448.5,0.23154591
1448,0.229322135
1447.5,0.227011144
1447,0.224719286
1446.5,0.22244741
1446,0.220229268
1445.5,0.218027219
1445,0.215734392
1444.5,0.213543281
1444,0.211273983
1443.5,0.208895624
1443,0.206750497
1442.5,0.204646796
1442,0.202527747
1441.5,0.200279057
1441,0.198265538
1440.5,0.196165159
1440,0.194080874
1439.5,0.192193002
1439,0.190254241
1438.5,0.188344672
1438,0.186345562
1437.5,0.184579223
1437,0.182856262
1436.5,0.181079567
1436,0.179410458
1435.5,0.177751094
1435,0.176201224
1434.5,0.174727351
1434,0.17336525
1433.5,0.172179893
1433,0.170861468
1432.5,0.169693649
1432,0.168555036
1431.5,0.167603165
1431,0.16668126
1430.5,0.165891275
1430,0.165196955
1429.5,0.164489865
1429,0.163910255
1428.5,0.163483977
1428,0.163202509
1427.5,0.163002178
1427,0.162922725
1426.5,0.163002476
1426,0.163203254
1425.5,0.16358684
1425,0.164023757
1424.5,0.164566279
1424,0.165236831
1423.5,0.166024044
1423,0.166912541
1422.5,0.167939827
1422,0.169011414
1421.5,0.170259178
1421,0.171625689
1420.5,0.172937006
1420,0.174574986
1419.5,0.17618382
1419,0.177799851
1418.5,0.179591537
1418,0.1812343
1417.5,0.18293412
1417,0.184579939
1416.5,0.18645224
1416,0.188093841
1415.5,0.189808294
1415,0.19161655
1414.5,0.193285167
1414,0.19506228
1413.5,0.196706057
1413,0.198182061
1412.5,0.199538112
1412,0.201013327
1411.5,0.202266246
1411,0.203361869
1410.5,0.204414144
1410,0.205388665
1409.5,0.206296951
1409,0.20726645
1408.5,0.207983062
1408,0.208512917
1407.5,0.209005937
1407,0.209354818
1406.5,0.209617019
1406,0.209686354
1405.5,0.209422603
1405,0.20912382
1404.5,0.2088411
1404,0.208517313
1403.5,0.208146781
1403,0.207652152
1402.5,0.207121596
1402,0.206630588
1401.5,0.206240386
1401,0.205787882
1400.5,0.205300078
1400,0.204692259
1399.5,0.204174742
1399,0.203616932
1398.5,0.203043878
1398,0.202548459
1397.5,0.202202618
1397,0.202001184
1396.5,0.201821968
1396,0.201823294
1395.5,0.201925725
1395,0.202175155
1394.5,0.202506751
1394,0.202928916
1393.5,0.203245506
1393,0.20380342
1392.5,0.204418793
1392,0.205187336
1391.5,0.206066951
1391,0.206961438
1390.5,0.208099082
1390,0.209436059
1389.5,0.21111469
1389,0.212786853
1388.5,0.214601755
1388,0.216953993
1387.5,0.219019234
1387,0.221570715
1386.5,0.22405611
1386,0.226439849
1385.5,0.229352251
1385,0.23217234
1384.5,0.235430658
1384,0.23852706
1383.5,0.241460994
1383,0.245008707
1382.5,0.248458982
1382,0.252542675
1381.5,0.256007254
1381,0.259307206
1380.5,0.262599647
1380,0.265836179
1379.5,0.268618017
1379,0.271333307
1378.5,0.273888081
1378,0.276249677
1377.5,0.279087871
1377,0.281602711
1376.5,0.284177005
1376,0.286466241
1375.5,0.288777441
1375,0.291405797
1374.5,0.293835491
1374,0.296188951
1373.5,0.298429579
1373,0.300644517
1372.5,0.302898794
1372,0.304788232
1371.5,0.306847841
1371,0.308655143
1370.5,0.31053713
1370,0.312015176
1369.5,0.31332767
1369,0.314335555
1368.5,0.315063506
1368,0.315899015
1367.5,0.316418111
1367,0.316768944
1366.5,0.31667769
1366,0.316263735
1365.5,0.316010237
1365,0.315744191
1364.5,0.315287292
1364,0.314698935
1363.5,0.313684762
1363,0.312305301
1362.5,0.311005026
1362,0.309546024
1361.5,0.307922214
1361,0.306119233
1360.5,0.303519994
1360,0.30116123
1359.5,0.298369944
1359,0.295590192
1358.5,0.292985767
1358,0.290038019
1357.5,0.287329644
1357,0.284308404
1356.5,0.281247258
1356,0.278080642
1355.5,0.27461347
1355,0.271460444
1354.5,0.267940581
1354,0.26450935
1353.5,0.260679275
1353,0.257039934
1352.5,0.253198475
1352,0.249326825
1351.5,0.245425344
1351,0.24196054
1350.5,0.238231078
1350,0.234241232
1349.5,0.230667576
1349,0.226826936
1348.5,0.223063484
1348,0.219424263
1347.5,0.215589225
1347,0.211888075
1346.5,0.208069369
1346,0.204440549
1345.5,0.200884059
1345,0.197164118
1344.5,0.193722725
1344,0.19020474
1343.5,0.186757162
1343,0.183300048
1342.5,0.179855362
1342,0.176615253
1341.5,0.173420131
1341,0.170274004
1340.5,0.167119861
1340,0.164100573
1339.5,0.160940498
1339,0.158016697
1338.5,0.155225441
1338,0.152343586
1337.5,0.149546698
1337,0.146835908
1336.5,0.144209027
1336,0.141526014
1335.5,0.139101058
1335,0.136714146
1334.5,0.13413693
1334,0.131879672
1333.5,0.129515111
1333,0.127255455
1332.5,0.125076741
1332,0.123032026
1331.5,0.120992437
1331,0.118914835
1330.5,0.117034428
1330,0.11509718
1329.5,0.113276139
1329,0.111648142
1328.5,0.109883852
1328,0.108218879
1327.5,0.106652848
1327,0.105060853
1326.5,0.103630051
1326,0.102212004
1325.5,0.100916915
1325,0.099529006
1324.5,0.098290078
1324,0.097041786
1323.5,0.095881484
1323,0.094824344
1322.5,0.093745708
1322,0.092709422
1321.5,0.09175428
1321,0.090826161
1320.5,0.089903809
1320,0.089099362
1319.5,0.08833231
1319,0.087579727
1318.5,0.086885855
1318,0.08622811
1317.5,0.085607007
1317,0.085063487
1316.5,0.08453317
1316,0.084075361
1315.5,0.083605304
1315,0.083275989
1314.5,0.082894504
1314,0.082602829
1313.5,0.082367666
1313,0.082133383
1312.5,0.081968531
1312,0.081829838
1311.5,0.081742562
1311,0.081732593
1310.5,0.081754372
1310,0.081823498
1309.5,0.081904575
1309,0.082065023
1308.5,0.082242049
1308,0.082496047
1307.5,0.082734905
1307,0.083075091
1306.5,0.08337339
1306,0.083795987
1305.5,0.084209278
1305,0.084700726
1304.5,0.085187033
1304,0.085711971
1303.5,0.08627218
1303,0.086900592
1302.5,0.087558441
1302,0.088243678
1301.5,0.08893127
1301,0.089649007
1300.5,0.090354383
1300,0.091190696
1299.5,0.0919386
1299,0.092797585
1298.5,0.093645081
1298,0.094475634
1297.5,0.095330663
1297,0.096160024
1296.5,0.097073995
1296,0.09789706
1295.5,0.098778293
1295,0.099672131
1294.5,0.100492276
1294,0.101293452
1293.5,0.102112152
1293,0.102895252
1292.5,0.103668764
1292,0.104401514
1291.5,0.10515397
1291,0.105816566
1290.5,0.106521033
1290,0.107161135
1289.5,0.107738018
1289,0.108329386
1288.5,0.108840868
1288,0.109324656
1287.5,0.109765545
1287,0.110207722
1286.5,0.110617586
1286,0.110945351
1285.5,0.111264698
1285,0.111521728
1284.5,0.111790068
1284,0.111997493
1283.5,0.112182453
1283,0.112395935
1282.5,0.112570204
1282,0.112773135
1281.5,0.112932913
1281,0.113162652
1280.5,0.113339551
1280,0.11361701
1279.5,0.113944687
1279,0.114253052
1278.5,0.114618488
1278,0.115096808
1277.5,0.11565268
1277,0.116263762
1276.5,0.117024802
1276,0.117938429
1275.5,0.118824266
1275,0.119913124
1274.5,0.121123903
1274,0.12249165
1273.5,0.123953775
1273,0.125666812
1272.5,0.127496541
1272,0.129320696
1271.5,0.131547123
1271,0.133838087
1270.5,0.13631013
1270,0.13883014
1269.5,0.141504183
1269,0.144346923
1268.5,0.147261724
1268,0.150415912
1267.5,0.153588951
1267,0.157008335
1266.5,0.160336301
1266,0.16363585
1265.5,0.167311713
1265,0.170669109
1264.5,0.174288243
1264,0.177937135
1263.5,0.181592867
1263,0.18496795
1262.5,0.188390523
1262,0.19211483
1261.5,0.195354223
1261,0.198742703
1260.5,0.202102423
1260,0.205163837
1259.5,0.20808433
1259,0.210951999
1258.5,0.213764831
1258,0.216333777
1257.5,0.218737364
1257,0.221168339
1256.5,0.223191097
1256,0.225169584
1255.5,0.226973072
1255,0.228772655
1254.5,0.230199456
1254,0.231624231
1253.5,0.23287946
1253,0.233986318
1252.5,0.235108048
1252,0.236047119
1251.5,0.237011448
1251,0.237870976
1250.5,0.238707498
1250,0.239542127
1249.5,0.24039042
1249,0.241377592
1248.5,0.242294103
1248,0.24337402
1247.5,0.244548157
1247,0.245755166
1246.5,0.247245416
1246,0.248796582
1245.5,0.250499547
1245,0.252594143
1244.5,0.254803658
1244,0.257108688
1243.5,0.259557337
1243,0.26253745
1242.5,0.265556067
1242,0.26897952
1241.5,0.272597969
1241,0.276274413
1240.5,0.280325919
1240,0.284566999
1239.5,0.289039344
1239,0.293587416
1238.5,0.298574418
1238,0.303770393
1237.5,0.308576763
1237,0.314286232
1236.5,0.319684267
1236,0.325358093
1235.5,0.330957621
1235,0.336771399
1234.5,0.342474669
1234,0.348021299
1233.5,0.354075432
1233,0.359875232
1232.5,0.365715116
1232,0.371307761
1231.5,0.376630127
1231,0.382152796
1230.5,0.387157887
1230,0.392397314
1229.5,0.397268325
1229,0.401883155
1228.5,0.406245589
1228,0.410168707
1227.5,0.41406557
1227,0.417474121
1226.5,0.42075786
1226,0.423703343
1225.5,0.426252633
1225,0.428366154
1224.5,0.430119097
1224,0.431676894
1223.5,0.432747215
1223,0.433523625
1222.5,0.433903456
1222,0.433930844
1221.5,0.433626056
1221,0.43295756
1220.5,0.431938171
1220,0.430607498
1219.5,0.428981155
1219,0.426931173
1218.5,0.424883455
1218,0.42230922
1217.5,0.419487506
1217,0.416451842
1216.5,0.413205713
1216,0.409825891
1215.5,0.406167835
1215,0.402527392
1214.5,0.398269475
1214,0.394193769
1213.5,0.389803767
1213,0.385393888
1212.5,0.381106108
1212,0.376448393
1211.5,0.371991843
1211,0.367058903
1210.5,0.362332076
1210,0.357516557
1209.5,0.352809012
1209,0.348351866
1208.5,0.343461931
1208,0.338862836
1207.5,0.334194213
1207,0.329362154
1206.5,0.324911296
1206,0.320494711
1205.5,0.316228867
1205,0.311734378
1204.5,0.307487428
1204,0.30325827
1203.5,0.298856527
1203,0.295051038
1202.5,0.291123807
1202,0.287209421
1201.5,0.283285648
1201,0.279578328
1200.5,0.275832534
1200,0.272225946
1199.5,0.258481324
1199,0.254833132
1198.5,0.251565665
1198,0.248328045
1197.5,0.245107293
1197,0.242056802
1196.5,0.239085898
1196,0.236385986
1195.5,0.233332589
1195,0.230645344
1194.5,0.227903143
1194,0.225120112
1193.5,0.222626612
1193,0.220002726
1192.5,0.217632636
1192,0.2150435
1191.5,0.212602601
1191,0.210180417
1190.5,0.207953185
1190,0.205719277
1189.5,0.203433245
1189,0.201265901
1188.5,0.199115902
1188,0.197031915
1187.5,0.195061103
1187,0.193130717
1186.5,0.191222191
1186,0.189284831
1185.5,0.187525511
1185,0.185743898
1184.5,0.183996141
1184,0.1824494
1183.5,0.180875093
1183,0.179320514
1182.5,0.177770272
1182,0.176370785
1181.5,0.174947798
1181,0.173560768
1180.5,0.172308549
1180,0.170993179
1179.5,0.16974251
1179,0.168521494
1178.5,0.167410612
1178,0.166357115
1177.5,0.165334284
1177,0.164412528
1176.5,0.163462102
1176,0.162637353
1175.5,0.161776334
1175,0.161050007
1174.5,0.16034694
1174,0.159675673
1173.5,0.159047693
1173,0.15847607
1172.5,0.157937512
1172,0.157433391
1171.5,0.156994626
1171,0.156599179
1170.5,0.156181693
1170,0.155913666
1169.5,0.155607015
1169,0.155405596
1168.5,0.155213073
1168,0.155103445
1167.5,0.155045837
1167,0.155109182
1166.5,0.15518795
1166,0.155415893
1165.5,0.155807734
1165,0.156290308
1164.5,0.1569639
1164,0.157790884
1163.5,0.158879727
1163,0.160091072
1162.5,0.161559686
1162,0.163229272
1161.5,0.165009558
1161,0.16724892
1160.5,0.169622079
1160,0.172350779
1159.5,0.175247148
1159,0.178260982
1158.5,0.181471735
1158,0.184706345
1157.5,0.188290268
1157,0.191767365
1156.5,0.195283964
1156,0.198645279
1155.5,0.201834828
1155,0.204980835
1154.5,0.20767349
1154,0.210134178
1153.5,0.212273255
1153,0.213998452
1152.5,0.215303004
1152,0.216230616
1151.5,0.216701433
1151,0.21674031
1150.5,0.216424897
1150,0.215789959
1149.5,0.214939788
1149,0.213727906
1148.5,0.212282062
1148,0.210569799
1147.5,0.208776459
1147,0.206763908
1146.5,0.204570845
1146,0.202458099
1145.5,0.199980661
1145,0.197516173
1144.5,0.194911644
1144,0.192325831
1143.5,0.189637214
1143,0.187000528
1142.5,0.184430689
1142,0.181611702
1141.5,0.178982809
1141,0.176276535
1140.5,0.173657641
1140,0.171184957
1139.5,0.168588281
1139,0.166177645
1138.5,0.163646385
1138,0.161280617
1137.5,0.158929586
1137,0.156714886
1136.5,0.15459843
1136,0.152358398
1135.5,0.150210679
1135,0.148059323
1134.5,0.145883769
1134,0.143792674
1133.5,0.141765043
1133,0.139824674
1132.5,0.137751311
1132,0.135944352
1131.5,0.134194851
1131,0.132309258
1130.5,0.130739451
1130,0.129177213
1129.5,0.127651379
1129,0.126109943
1128.5,0.124772199
1128,0.1234494
1127.5,0.122205719
1127,0.121062048
1126.5,0.119943485
1126,0.118919358
1125.5,0.117965937
1125,0.117110692
1124.5,0.116317965
1124,0.115593389
1123.5,0.114971578
1123,0.114378713
1122.5,0.113903165
1122,0.113478191
1121.5,0.113133967
1121,0.112794377
1120.5,0.112577617
1120,0.112397447
1119.5,0.112301521
1119,0.112247177
1118.5,0.11228127
1118,0.112333402
1117.5,0.112463377
1117,0.11264284
1116.5,0.112861008
1116,0.113153115
1115.5,0.113452405
1115,0.113776431
1114.5,0.114192978
1114,0.114573829
1113.5,0.115058482
1113,0.115573935
1112.5,0.116139449
1112,0.116799995
1111.5,0.117454931
1111,0.11818248
1110.5,0.118980058
1110,0.119854033
1109.5,0.1206984
1109,0.12168929
1108.5,0.12264362
1108,0.12353082
1107.5,0.124503411
1107,0.125452206
1106.5,0.126390457
1106,0.127236053
1105.5,0.128049433
1105,0.128780723
1104.5,0.129397228
1104,0.12999633
1103.5,0.130456671
1103,0.13089776
1102.5,0.131306797
1102,0.131629348
1101.5,0.131982967
1101,0.13228336
1100.5,0.132657617
1100,0.13313365
1099.5,0.133707553
1099,0.134354681
1098.5,0.13512823
1098,0.136200696
1097.5,0.13734749
1097,0.138834566
1096.5,0.140628874
1096,0.142484739
1095.5,0.144668043
1095,0.147107512
1094.5,0.15001373
1094,0.15289557
1093.5,0.156151205
1093,0.159783244
1092.5,0.163323671
1092,0.167280585
1091.5,0.171468228
1091,0.175912514
1090.5,0.180325806
1090,0.184836999
1089.5,0.189581618
1089,0.194064364
1088.5,0.199033245
1088,0.203752592
1087.5,0.208700478
1087,0.213362217
1086.5,0.217926219
1086,0.22249049
1085.5,0.227054417
1085,0.231476381
1084.5,0.23552464
1084,0.239825547
1083.5,0.243623838
1083,0.247002646
1082.5,0.250627607
1082,0.253868014
1081.5,0.256884247
1081,0.25982517
1080.5,0.26251787
1080,0.264882386
1079.5,0.266918063
1079,0.268929392
1078.5,0.270618171
1078,0.2720626
1077.5,0.273282945
1077,0.274182618
1076.5,0.27483955
1076,0.275280714
1075.5,0.275482655
1075,0.27541998
1074.5,0.275069147
1074,0.274467081
1073.5,0.273687273
1073,0.272568196
1072.5,0.271251738
1072,0.269627094
1071.5,0.267767787
1071,0.265652031
1070.5,0.26340574
1070,0.261012316
1069.5,0.258151531
1069,0.255228043
1068.5,0.251995295
1068,0.248679176
1067.5,0.245196149
1067,0.241540447
1066.5,0.237954289
1066,0.233846411
1065.5,0.229833424
1065,0.225565553
1064.5,0.22144255
1064,0.217175156
1063.5,0.21269007
1063,0.208489791
1062.5,0.203843027
1062,0.199270859
1061.5,0.194783866
1061,0.190289021
1060.5,0.185878038
1060,0.1812758
1059.5,0.177084148
1059,0.172536209
1058.5,0.168050587
1058,0.164070129
1057.5,0.159895524
1057,0.155812293
1056.5,0.151633367
1056,0.147816077
1055.5,0.143887594
1055,0.140027612
1054.5,0.136614829
1054,0.133013725
1053.5,0.129643977
1053,0.126259297
1052.5,0.123003818
1052,0.119954951
1051.5,0.11702738
1051,0.114311047
1050.5,0.111458451
1050,0.108821414
1049.5,0.106291205
1049,0.103837229
1048.5,0.10161788
1048,0.099428132
1047.5,0.097396418
1047,0.095360458
1046.5,0.093479626
1046,0.091602169
1045.5,0.089975894
1045,0.088454597
1044.5,0.086888134
1044,0.085454196
1043.5,0.084109642
1043,0.082849167
1042.5,0.081604689
1042,0.080513984
1041.5,0.079480402
1041,0.078457311
1040.5,0.077545419
1040,0.076653719
1039.5,0.075819813
1039,0.075107232
1038.5,0.074385278
1038,0.073751852
1037.5,0.073117852
1037,0.072568342
1036.5,0.072034322
1036,0.071542829
1035.5,0.071116105
1035,0.070690677
1034.5,0.070374906
1034,0.069998108
1033.5,0.069716871
1033,0.069442146
1032.5,0.069201887
1032,0.069010861
1031.5,0.068781033
1031,0.068644822
1030.5,0.068532594
1030,0.068436459
1029.5,0.068333954
1029,0.068311416
1028.5,0.068280362
1028,0.068274483
1027.5,0.068259582
1027,0.06825304
1026.5,0.068318382
1026,0.068377852
1025.5,0.068418488
1025,0.068485223
1024.5,0.068588585
1024,0.068673685
1023.5,0.068807207
1023,0.06901338
1022.5,0.069128066
1022,0.069311768
1021.5,0.069516934
1021,0.069698699
1020.5,0.069946073
1020,0.070149593
1019.5,0.070411526
1019,0.070624307
1018.5,0.07086578
1018,0.071156412
1017.5,0.071429826
1017,0.071738519
1016.5,0.071989924
1016,0.072311066
1015.5,0.072619379
1015,0.072898917
1014.5,0.073287956
1014,0.073660232
1013.5,0.074034147
1013,0.074374467
1012.5,0.074830487
1012,0.07527104
1011.5,0.075656451
1011,0.076141886
1010.5,0.076629967
1010,0.077087
1009.5,0.077561758
1009,0.078060918
1008.5,0.078568935
1008,0.079113945
1007.5,0.079680607
1007,0.080290131
1006.5,0.08087071
1006,0.081372656
1005.5,0.081972413
1005,0.082585543
1004.5,0.083178222
1004,0.083734207
1003.5,0.084360868
1003,0.084956698
1002.5,0.08546526
1002,0.086094648
1001.5,0.086723715
1001,0.087279506
1000.5,0.087840632
1000,0.08834862
999.5,0.08884944
999,0.089358196
998.5,0.089781843
998,0.090274833
997.5,0.090687037
997,0.091201648
996.5,0.091574296
996,0.092042796
995.5,0.092556238
995,0.092979334
994.5,0.09347067
994,0.093931161
993.5,0.094603106
993,0.095074914
992.5,0.095825411
992,0.096473791
991.5,0.097166583
991,0.098041758
990.5,0.098961517
990,0.100043878
989.5,0.10111738
989,0.102599442
988.5,0.104040526
988,0.105674937
987.5,0.107852913
987,0.110197514
986.5,0.11290431
986,0.116326496
985.5,0.120116375
985,0.124671161
984.5,0.130386725
984,0.137059599
983.5,0.144594863
983,0.154640272
982.5,0.166190743
982,0.178599015
981.5,0.194079012
981,0.212221935
980.5,0.233404219
980,0.256324828
979.5,0.282838166
979,0.310473383
978.5,0.33741945
978,0.368062437
977.5,0.395664752
977,0.418886513
976.5,0.435509473
976,0.44331491
975.5,0.441595078
975,0.430408776
974.5,0.40934062
974,0.383241147
973.5,0.351222098
973,0.320342064
972.5,0.290362626
972,0.260581195
971.5,0.236340761
971,0.213878676
970.5,0.195124984
970,0.180568159
969.5,0.169365838
969,0.160908669
968.5,0.154286802
968,0.149895743
967.5,0.146705762
967,0.144457698
966.5,0.143076316
966,0.142120779
965.5,0.14149414
965,0.141081855
964.5,0.140946746
964,0.140885189
963.5,0.14099288
963,0.141175896
962.5,0.141392499
962,0.141770706
961.5,0.142169252
961,0.142677337
960.5,0.143154517
960,0.143851221
959.5,0.144387528
959,0.145244151
958.5,0.145888686
958,0.146730319
957.5,0.147509635
957,0.148267657
956.5,0.149070099
956,0.149889022
955.5,0.150735959
955,0.151571453
954.5,0.152435586
954,0.15336223
953.5,0.154221028
953,0.155221075
952.5,0.156175986
952,0.157222435
951.5,0.158318818
951,0.15937382
950.5,0.160480723
950,0.161466986
949.5,0.16257751
949,0.163480774
948.5,0.164580345
948,0.165511251
947.5,0.166307539
947,0.167161688
946.5,0.167972028
946,0.168536529
945.5,0.169052988
945,0.169549704
944.5,0.170040935
944,0.17028293
943.5,0.170529246
943,0.170797586
942.5,0.170890272
942,0.170913756
941.5,0.170856819
941,0.170847312
940.5,0.170651853
940,0.170453459
939.5,0.170193017
939,0.16994001
938.5,0.169625282
938,0.169231325
937.5,0.168820843
937,0.168344632
936.5,0.167742789
936,0.167152032
935.5,0.166504964
935,0.165930599
934.5,0.165156931
934,0.164504245
933.5,0.163841948
933,0.163118079
932.5,0.162324041
932,0.161527127
931.5,0.160858765
931,0.160145149
930.5,0.159386978
930,0.158681527
929.5,0.15794839
929,0.157341868
928.5,0.156800777
928,0.156203613
927.5,0.155716255
927,0.155264676
926.5,0.154832453
926,0.154469848
925.5,0.154089168
925,0.153955087
924.5,0.153677151
924,0.153499484
923.5,0.153261274
923,0.153307915
922.5,0.153142229
922,0.153117359
921.5,0.153133452
921,0.153100163
920.5,0.153115809
920,0.15319626
919.5,0.153270528
919,0.153214902
918.5,0.153310567
918,0.153165534
917.5,0.153249592
917,0.15307273
916.5,0.153013378
916,0.152729332
915.5,0.152524903
915,0.152080223
914.5,0.151699871
914,0.1511859
913.5,0.15058434
913,0.149979904
912.5,0.149378121
912,0.148797631
911.5,0.147885576
911,0.147083104
910.5,0.146285191
910,0.145434246
909.5,0.144694299
909,0.14371267
908.5,0.142900989
908,0.142034531
907.5,0.14098227
907,0.140132889
906.5,0.139229596
906,0.138552338
905.5,0.137804672
905,0.13707602
904.5,0.136148632
904,0.135501832
903.5,0.134883359
903,0.134350613
902.5,0.13375847
902,0.13320601
901.5,0.132767424
901,0.132272616
900.5,0.13201268
900,0.131584376
899.5,0.131342232
899,0.131109014
898.5,0.130892307
898,0.130836219
897.5,0.130800843
897,0.130792275
896.5,0.130902067
896,0.130968511
895.5,0.131312221
895,0.13162756
894.5,0.131953791
894,0.13243334
893.5,0.132984579
893,0.133560211
892.5,0.134199232
892,0.134846106
891.5,0.135506541
891,0.1361361
890.5,0.136677772
890,0.137138322
889.5,0.137430668
889,0.137730971
888.5,0.137799934
888,0.137920544
887.5,0.137782797
887,0.137688145
886.5,0.137771994
886,0.137705952
885.5,0.137548447
885,0.137578115
884.5,0.13768892
884,0.137803525
883.5,0.138338998
883,0.138777435
882.5,0.139463291
882,0.140326917
881.5,0.141203761
881,0.142257929
880.5,0.14350754
880,0.144685879
879.5,0.146015689
879,0.147188187
878.5,0.148488492
878,0.14918074
877.5,0.149868399
877,0.150003851
876.5,0.14971903
876,0.149117678
875.5,0.147830918
875,0.146057323
874.5,0.14389424
874,0.141381532
873.5,0.13816987
873,0.135217875
872.5,0.131738722
872,0.128502771
871.5,0.125513688
871,0.122807488
870.5,0.120176658
870,0.117905453
869.5,0.115811832
869,0.114305586
868.5,0.112957932
868,0.112024359
867.5,0.111172937
867,0.110668153
866.5,0.110387489
866,0.109953933
865.5,0.109602533
865,0.109375067
864.5,0.108865619
864,0.108260565
863.5,0.107584611
863,0.106766664
862.5,0.105825387
862,0.104627609
861.5,0.103342637
861,0.101760127
860.5,0.100053653
860,0.09831728
859.5,0.096393824
859,0.094395585
858.5,0.092511103
858,0.090237804
857.5,0.088302903
857,0.086419247
856.5,0.084176593
856,0.082255654
855.5,0.080522083
855,0.078599028
854.5,0.077030778
854,0.075600713
853.5,0.074046396
853,0.07271421
852.5,0.071655773
852,0.070436217
851.5,0.069457054
851,0.068583339
850.5,0.067995243
850,0.067348994
849.5,0.066701628
849,0.066267356
848.5,0.06580849
848,0.065545216
847.5,0.065267816
847,0.064889953
846.5,0.064755462
846,0.064720094
845.5,0.064709097
845,0.064716794
844.5,0.064551786
844,0.064661093
843.5,0.064624384
843,0.064679414
842.5,0.064864434
842,0.064922921
841.5,0.065089971
841,0.065143563
840.5,0.065301061
840,0.065654658
839.5,0.065884821
839,0.066182606
838.5,0.066543557
838,0.066766463
837.5,0.067311458
837,0.067556262
836.5,0.068069845
836,0.068601951
835.5,0.069122538
835,0.069872275
834.5,0.070444435
834,0.071202435
833.5,0.071825244
833,0.072681189
832.5,0.073531769
832,0.074367799
831.5,0.075390562
831,0.0763117
830.5,0.077356748
830,0.078271069
829.5,0.079583898
829,0.080637172
828.5,0.082031004
828,0.083302014
827.5,0.084454805
827,0.085962579
826.5,0.08740247
826,0.088952303
825.5,0.090776354
825,0.092484161
824.5,0.094065897
824,0.096037328
823.5,0.098148927
823,0.100087583
822.5,0.102282897
822,0.10467761
821.5,0.107253343
821,0.10983628
820.5,0.11249014
820,0.115402512
819.5,0.118265539
819,0.121557936
818.5,0.124923416
818,0.128325164
817.5,0.132105842
817,0.135914937
816.5,0.140029356
816,0.144432217
815.5,0.149089187
815,0.154060751
814.5,0.158852369
814,0.164645314
813.5,0.170236647
813,0.17668815
812.5,0.183220193
812,0.190156534
811.5,0.197640449
811,0.20517464
810.5,0.214035779
810,0.222760141
809.5,0.232802555
809,0.243050933
808.5,0.253368139
808,0.264467657
807.5,0.275672376
807,0.287174761
806.5,0.297612339
806,0.307423681
805.5,0.315984279
805,0.322204411
804.5,0.326797217
804,0.3290869
803.5,0.329241365
803,0.327003151
802.5,0.323098421
802,0.317812592
801.5,0.311710328
801,0.304756463
800.5,0.298314065
800,0.291580886
799.5,0.27666384
799,0.272164404
798.5,0.268445849
798,0.265209377
797.5,0.261770219
797,0.258546799
796.5,0.254329652
796,0.249517977
795.5,0.243728191
795,0.237223044
794.5,0.229909629
794,0.222270012
793.5,0.213930026
793,0.204948872
792.5,0.195905864
792,0.186699182
791.5,0.177602768
791,0.168528944
790.5,0.159803554
790,0.15173541
789.5,0.144367024
789,0.137163982
788.5,0.130786747
788,0.124965556
787.5,0.119590931
787,0.115005143
786.5,0.110606298
786,0.106612943
785.5,0.103059813
785,0.099962734
784.5,0.097261682
784,0.094632588
783.5,0.092553064
783,0.090425238
782.5,0.088613898
782,0.086972408
781.5,0.08552596
781,0.084180869
780.5,0.08286339
780,0.081668697
779.5,0.080547169
779,0.079592943
778.5,0.078342862
778,0.077679403
777.5,0.076656401
777,0.076224193
776.5,0.075533465
776,0.074940532
775.5,0.074421808
775,0.074279241
774.5,0.073834904
774,0.073862247
773.5,0.073881701
773,0.074105956
772.5,0.074184343
772,0.074916109
771.5,0.07517986
771,0.075917535
770.5,0.076506458
770,0.077547677
769.5,0.078678168
769,0.079735778
768.5,0.081464179
768,0.08296594
767.5,0.084784672
767,0.086723521
766.5,0.088836551
766,0.091226242
765.5,0.093622155
765,0.096294098
764.5,0.099067226
764,0.101715468
763.5,0.104771473
763,0.107669614
762.5,0.110790372
762,0.113918982
761.5,0.117545895
761,0.121254616
760.5,0.125378192
760,0.129922703
759.5,0.134683251
759,0.140175819
758.5,0.145765737
758,0.151803404
757.5,0.158195242
757,0.164824501
756.5,0.17121394
756,0.177803636
755.5,0.184183851
755,0.190257609
754.5,0.195876434
754,0.201484308
753.5,0.20668979
753,0.211795941
752.5,0.217559204
752,0.222864479
751.5,0.228890285
751,0.235665038
750.5,0.242057294
750,0.24878405
749.5,0.254719019
749,0.260255158
748.5,0.264060646
748,0.266153991
747.5,0.266383916
747,0.264615685
746.5,0.261550754
746,0.257610172
745.5,0.254117072
745,0.25137338
744.5,0.250023484
744,0.250423938
743.5,0.252011538
743,0.254721761
742.5,0.257223368
742,0.259296536
741.5,0.259974986
741,0.259238094
740.5,0.257265061
740,0.254062384
739.5,0.250634104
739,0.24709779
738.5,0.244015664
738,0.241283059
737.5,0.239135906
737,0.237351656
736.5,0.234991923
736,0.231695622
735.5,0.226618871
735,0.219749332
734.5,0.211117297
734,0.200482979
733.5,0.187918276
733,0.175172746
732.5,0.161989003
732,0.148959488
731.5,0.137004018
731,0.126042604
730.5,0.116073839
730,0.107481621
729.5,0.100222454
729,0.094116211
728.5,0.088841632
728,0.084441975
727.5,0.081020042
727,0.077735931
726.5,0.075324148
726,0.073168211
725.5,0.071418904
725,0.069865495
724.5,0.068524502
724,0.067361571
723.5,0.066328935
723,0.065461874
722.5,0.064778388
722,0.064040303
721.5,0.063459463
721,0.062895946
720.5,0.062500522
720,0.062104177
719.5,0.061830815
719,0.061402041
718.5,0.061206546
718,0.060924962
717.5,0.060681511
717,0.060473487
716.5,0.06031448
716,0.060100984
715.5,0.059899058
715,0.059694078
714.5,0.059605937
714,0.059490174
713.5,0.059326399
713,0.059348062
712.5,0.059173778
712,0.059093185
711.5,0.059007626
711,0.059062846
710.5,0.058921847
710,0.05897421
709.5,0.05888639
709,0.058945626
708.5,0.058850314
708,0.058962733
707.5,0.058858644
707,0.05889155
706.5,0.058895435
706,0.058987286
705.5,0.058979813
705,0.059090279
704.5,0.059014179
704,0.059143934
703.5,0.059105285
703,0.059199378
702.5,0.05939807
702,0.05954688
701.5,0.059688374
701,0.059876177
700.5,0.059905656
700,0.060116027
699.5,0.060205728
699,0.060491905
698.5,0.060685769
698,0.060886391
697.5,0.061215904
697,0.061437674
696.5,0.061737586
696,0.062052842
695.5,0.062359273
695,0.062773436
694.5,0.063101575
694,0.063437745
693.5,0.063787304
693,0.064308546
692.5,0.064726464
692,0.065132312
691.5,0.065586008
691,0.066123791
690.5,0.066543497
690,0.067018002
689.5,0.06734927
689,0.067925259
688.5,0.068320684
688,0.06866768
687.5,0.069286287
687,0.069760427
686.5,0.070353657
686,0.070933677
685.5,0.07159283
685,0.072274014
684.5,0.073109455
684,0.073817015
683.5,0.074559353
683,0.075173981
682.5,0.075565256
682,0.075973809
681.5,0.076030761
681,0.075962305
680.5,0.075783968
680,0.075466074
679.5,0.075050645
679,0.074551053
678.5,0.074188672
678,0.073727161
677.5,0.073311768
677,0.072856389
676.5,0.072360478
676,0.071896993
675.5,0.071525559
675,0.071174197
674.5,0.070922099
674,0.070941634
673.5,0.07099431
673,0.071228907
672.5,0.071704775
672,0.07255657
671.5,0.073568106
671,0.075204179
670.5,0.077353872
670,0.079970203
669.5,0.083317727
669,0.087273777
668.5,0.092216797
668,0.097855099
667.5,0.104415901
667,0.111841403
666.5,0.119943656
666,0.128854424
665.5,0.138383806
665,0.148293957
664.5,0.158624411
664,0.1689744
663.5,0.179466456
663,0.189670861
662.5,0.199509218
662,0.209207743
661.5,0.218147799
661,0.226772785
660.5,0.234895706
660,0.242359102
659.5,0.249252707
659,0.256088197
658.5,0.262583673
658,0.269101024
657.5,0.275817692
657,0.282747179
656.5,0.290275395
656,0.29828319
655.5,0.306845695
655,0.316229671
654.5,0.326111019
654,0.336541653
653.5,0.347579449
653,0.358678848
652.5,0.370476186
652,0.382257015
651.5,0.393871456
651,0.405958563
650.5,0.417794347
650,0.429742247
649.5,0.442701966
649,0.45562315
648.5,0.469039023
648,0.483082801
647.5,0.496740818
647,0.510531485
646.5,0.523894966
646,0.536996484
645.5,0.549425066
645,0.560591817
644.5,0.570604265
644,0.578617215
643.5,0.584524036
643,0.588340998
642.5,0.589544177
642,0.588338673
641.5,0.584393621
641,0.578049839
640.5,0.568585515
640,0.556113541
639.5,0.541320086
639,0.523557663
638.5,0.5030182
638,0.480876595
637.5,0.456931919
637,0.43127197
636.5,0.404333502
636,0.37675494
635.5,0.348911911
635,0.321042895
634.5,0.293868572
634,0.268101275
633.5,0.243245646
633,0.220541954
632.5,0.199786663
632,0.180741862
631.5,0.16427663
631,0.149956569
630.5,0.136973709
630,0.126342848
629.5,0.117220029
629,0.109430648
628.5,0.103063487
628,0.097628713
627.5,0.093235679
627,0.089406721
626.5,0.086221606
626,0.083470225
625.5,0.081075951
625,0.07901147
624.5,0.077270672
624,0.075696848
623.5,0.074355602
623,0.073116198
622.5,0.071901515
622,0.070834331
621.5,0.069719791
621,0.068696305
620.5,0.067612968
620,0.066800974
619.5,0.06588383
619,0.065086268
618.5,0.064573556
618,0.064021043
617.5,0.063469708
617,0.063197672
616.5,0.062844038
616,0.062534899
615.5,0.062413037
615,0.062209975
614.5,0.062186375
614,0.062245525
613.5,0.062308982
613,0.062410109
612.5,0.062594101
612,0.062864922
611.5,0.06322962
611,0.063723296
610.5,0.06428609
610,0.064945467
609.5,0.065648034
609,0.06656184
608.5,0.067576952
608,0.068621233
607.5,0.069862269
607,0.071284235
606.5,0.072775513
606,0.074471675
605.5,0.076292165
605,0.078152515
604.5,0.08025638
604,0.082472973
603.5,0.085087135
603,0.087618113
602.5,0.090447329
602,0.093558282
601.5,0.096834652
601,0.100167714
600.5,0.103787951
600,0.107490011
599.5,0.111459792
599,0.115684301
598.5,0.120137706
598,0.124830924
597.5,0.129971445
597,0.135634959
596.5,0.141711652
596,0.148390666
595.5,0.155538231
595,0.163673818
594.5,0.172371253
594,0.182327554
593.5,0.192852214
593,0.204373285
592.5,0.217276365
592,0.230732217
591.5,0.245202884
591,0.260789812
590.5,0.276957303
590,0.294017464
589.5,0.311650634
589,0.329660893
588.5,0.34776184
588,0.365538091
587.5,0.382930964
587,0.399369091
586.5,0.414586961
586,0.429112524
585.5,0.441372305
585,0.452021748
584.5,0.46026811
584,0.465395331
583.5,0.467616558
583,0.466738105
582.5,0.463158548
582,0.457142741
581.5,0.448836356
581,0.439137459
580.5,0.427784264
580,0.415872634
579.5,0.402956188
579,0.390022755
578.5,0.377704829
578,0.366510481
577.5,0.356580436
577,0.348381609
576.5,0.340860456
576,0.334457189
575.5,0.327945918
575,0.320941538
574.5,0.313082159
574,0.303966582
573.5,0.293135822
573,0.281043887
572.5,0.267292976
572,0.251713067
571.5,0.234929711
571,0.217011496
570.5,0.198830709
570,0.180532262
569.5,0.163018033
569,0.146696791
568.5,0.132154375
568,0.119399719
567.5,0.108879454
567,0.099743389
566.5,0.092800856
566,0.087271057
565.5,0.083028115
565,0.07993149
564.5,0.077851273
564,0.076104537
563.5,0.074995108
563,0.07401628
562.5,0.073114969
562,0.072130129
561.5,0.071283996
561,0.070360906
560.5,0.069620535
560,0.069285072
559.5,0.069173567
559,0.069523677
558.5,0.070295379
558,0.071623296
557.5,0.073704369
557,0.076652512
556.5,0.080957688
556,0.086872734
555.5,0.094264448
555,0.103377618
554.5,0.114361197
554,0.126396179
553.5,0.139467254
553,0.153059468
552.5,0.166784629
552,0.180639997
551.5,0.19432053
551,0.208554968
550.5,0.223586127
550,0.239690974
549.5,0.257579833
549,0.277421176
548.5,0.299008966
548,0.323269248
547.5,0.348209292
547,0.374269962
546.5,0.401555508
546,0.427824646
545.5,0.454162091
545,0.481031358
544.5,0.507578254
544,0.535166621
543.5,0.564443827
543,0.595788956
542.5,0.630059958
542,0.666637182
541.5,0.706248999
541,0.747611165
540.5,0.788597703
540,0.828468025
539.5,0.863687217
539,0.892574251
538.5,0.914145827
538,0.924843371
537.5,0.923509598
537,0.908127725
536.5,0.878432274
536,0.83464241
535.5,0.777692318
535,0.71380651
534.5,0.645001233
534,0.576519847
533.5,0.511250675
533,0.45143944
532.5,0.398714185
532,0.35226813
531.5,0.314006388
531,0.28285709
530.5,0.257840484
530,0.239638656
529.5,0.227011055
529,0.218491644
528.5,0.213843659
528,0.211855605
527.5,0.211506859
527,0.211558849
526.5,0.211028338
526,0.209448099
525.5,0.20622465
525,0.201266721
524.5,0.19463402
524,0.186685011
523.5,0.177588746
523,0.168120027
522.5,0.158306629
522,0.148907915
521.5,0.140290231
521,0.132710382
520.5,0.12655215
520,0.121689431
519.5,0.118155129
519,0.115801357
518.5,0.114433289
518,0.113703273
517.5,0.113800451
517,0.11440634
516.5,0.115537763
516,0.117184155
515.5,0.119172208
515,0.121394262
514.5,0.123536326
514,0.125678018
513.5,0.127364248
513,0.128387287
512.5,0.128560677
512,0.127999827
511.5,0.126414567
511,0.124195345
510.5,0.121500537
510,0.118212864
509.5,0.114735857
509,0.111229248
508.5,0.107607596
508,0.104294799
507.5,0.101214945
507,0.098304458
506.5,0.095874317
506,0.093730614
505.5,0.091748595
505,0.090212636
504.5,0.08887466
504,0.088042378
503.5,0.087475732
503,0.087184444
502.5,0.087176852
502,0.087309852
501.5,0.087135814
501,0.086823069
500.5,0.085990153
500,0.085386157
499.5,0.08480081
499,0.084769629
498.5,0.085397474
498,0.086778395
497.5,0.089008346
497,0.092086926
496.5,0.096241757
496,0.101438075
495.5,0.107661791
495,0.115025684
494.5,0.123035356
494,0.131864876
493.5,0.1413178
493,0.151371315
492.5,0.162531927
492,0.174839348
491.5,0.188494504
491,0.20446372
490.5,0.2213808
490,0.240400329
489.5,0.26174435
489,0.283759028
488.5,0.307295412
488,0.331378251
487.5,0.354553103
487,0.375303179
486.5,0.391507834
486,0.401791126
485.5,0.405360878
485,0.402153999
484.5,0.392696887
484,0.378318459
483.5,0.360188931
483,0.33921817
482.5,0.318407834
482,0.298702836
481.5,0.280752271
481,0.266572058
480.5,0.255653292
480,0.248184905
479.5,0.244695559
479,0.24486126
478.5,0.248577207
478,0.256136686
477.5,0.266752392
477,0.279943287
476.5,0.294717401
476,0.310288936
475.5,0.324987769
475,0.338778436
474.5,0.350233316
474,0.359037966
473.5,0.364815295
473,0.366900146
472.5,0.365439057
472,0.361049205
471.5,0.355617344
471,0.350562543
470.5,0.347730696
470,0.347641081
469.5,0.350403756
469,0.354621291
468.5,0.357795298
468,0.357483894
467.5,0.352190644
467,0.341888547
466.5,0.329078257
466,0.317570597
465.5,0.310807407
465,0.313302875
464.5,0.328425765
464,0.360444963
463.5,0.41037488
463,0.481965542
462.5,0.579805493
462,0.697811067
461.5,0.837839842
461,0.995216847
460.5,1.153197646
460,1.298575759
459.5,1.416396737
459,1.500502348
458.5,1.561204076
458,1.613544464
457.5,1.675137639
457,1.754740238
456.5,1.85546422
456,1.983564615
455.5,2.127684355
455,2.279495955
454.5,2.426691771
454,2.542233944
453.5,2.611440659
453,2.638651609
452.5,2.633463144
452,2.615776062
451.5,2.596114159
451,2.582637787
450.5,2.579521656
450,2.569229126
449.5,2.551620245
449,2.501571894
448.5,2.395944357
448,2.225284815
447.5,1.999174476
447,1.748394132
446.5,1.485363126
446,1.243241191
445.5,1.022989869
445,0.825465083
444.5,0.664278925
444,0.529608488
443.5,0.418317378
443,0.334280163
442.5,0.270322383
442,0.222609147
441.5,0.189243361
441,0.165774018
440.5,0.14939861
440,0.137813479
439.5,0.129396662
439,0.123077527
438.5,0.118401654
438,0.114806764
437.5,0.112168483
437,0.110059544
436.5,0.108727306
436,0.107632302
435.5,0.106926069
435,0.106650665
434.5,0.10637708
434,0.106486134
433.5,0.106878027
433,0.107427813
432.5,0.108184673
432,0.109379828
431.5,0.110721223
431,0.112037055
430.5,0.112890244
430,0.112844221
429.5,0.11172042
429,0.109893218
428.5,0.108668588
428,0.109503254
427.5,0.113731392
427,0.122663394
426.5,0.136845633
426,0.157131881
425.5,0.181467608
425,0.209547862
424.5,0.240440086
424,0.270698935
423.5,0.300813705
423,0.331062466
422.5,0.361191124
422,0.393517286
421.5,0.428285658
421,0.46730268
420.5,0.509432197
420,0.553723157
419.5,0.598136127
419,0.637570441
418.5,0.665769279
418,0.678893924
417.5,0.672346234
417,0.646987736
416.5,0.604705513
416,0.553935349
415.5,0.498702139
415,0.442020297
414.5,0.39023307
414,0.343253195
413.5,0.301169425
413,0.265673816
412.5,0.236092195
412,0.212800935
411.5,0.195432648
411,0.184262931
410.5,0.178899139
410,0.179085553
409.5,0.184808195
409,0.19563137
408.5,0.212447241
408,0.233600497
407.5,0.259096563
407,0.288150877
406.5,0.317167908
406,0.345611751
405.5,0.37525478
405,0.407257199
404.5,0.445439071
404,0.489859313
403.5,0.535562217
403,0.573078752
402.5,0.591411233
402,0.585116446
401.5,0.55692786
401,0.514241338
400.5,0.462912738
400,0.410008818
399.5,0.358833283
399,0.309819728
398.5,0.26805082
398,0.231465131
397.5,0.20018822
397,0.175505862
396.5,0.155442759
396,0.139533892
395.5,0.127842158
395,0.119905107
394.5,0.115283333
394,0.113683701
393.5,0.11456871
393,0.117460735
392.5,0.12151359
392,0.126200348
391.5,0.130978316
391,0.135523751
390.5,0.139870867
390,0.14407602
389.5,0.149511859
389,0.156105995
388.5,0.164612725
388,0.175260752
387.5,0.186091229
387,0.19543992
386.5,0.201590985
386,0.202532291
385.5,0.198437512
385,0.190804467
384.5,0.181934774
384,0.174564228
383.5,0.169621617
383,0.167756528
382.5,0.167521536
382,0.167037368
381.5,0.164491803
381,0.159692302
380.5,0.153643146
380,0.148211107
379.5,0.146078602
379,0.148512036
378.5,0.155493155
378,0.16606991
377.5,0.178231359
377,0.191303775
376.5,0.202905789
376,0.212883115
375.5,0.220490381
375,0.225159928
374.5,0.226636618
374,0.22491172
373.5,0.220397279
373,0.214013651
372.5,0.206688955
372,0.199218109
371.5,0.192505524
371,0.187300533
370.5,0.18423374
370,0.184483543
369.5,0.188975021
369,0.199001238
368.5,0.214441404
368,0.236507446
367.5,0.265654922
367,0.300989628
366.5,0.344502717
366,0.39618054
365.5,0.458498776
365,0.532380223
364.5,0.617351532
364,0.716997027
363.5,0.826528966
363,0.9452793
362.5,1.071845531
362,1.196124792
361.5,1.29876411
361,1.330997944
360.5,1.253283501
360,1.099699259
359.5,0.926841021
359,0.779544592
358.5,0.658903718
358,0.561427712
357.5,0.485084504
357,0.424153417
356.5,0.374903351
356,0.335532486
355.5,0.305353314
355,0.284106612
354.5,0.270182073
354,0.263107151
353.5,0.261560172
353,0.264030784
352.5,0.269078225
352,0.27592954
351.5,0.284628838
351,0.294674873
350.5,0.30632636
350,0.319304824
349.5,0.332818121
349,0.34468174
348.5,0.355564296
348,0.36460188
347.5,0.373595357
347,0.382364601
346.5,0.390690595
346,0.397860795
345.5,0.401078939
345,0.399382144
344.5,0.392181188
344,0.378353089
343.5,0.360891044
343,0.341374248
342.5,0.32032907
342,0.300256699
341.5,0.281674355
341,0.265370637
340.5,0.252451032
340,0.243908986
339.5,0.238652468
339,0.238432556
338.5,0.242880911
338,0.250863224
337.5,0.263380587
337,0.283026636
336.5,0.311078787
336,0.34700504
335.5,0.385502726
335,0.416061819
334.5,0.428168088
334,0.417770714
333.5,0.394422114
333,0.368905544
332.5,0.34597069
332,0.329529375
331.5,0.316978902
331,0.306354851
330.5,0.297968149
330,0.292076051
329.5,0.288564652
329,0.287623763
328.5,0.288287342
328,0.29085657
327.5,0.293426216
327,0.296926379
326.5,0.301023901
326,0.304602206
325.5,0.309294105
325,0.314162403
324.5,0.319225729
324,0.324659556
323.5,0.330252618
323,0.337075979
322.5,0.344262689
322,0.352063805
321.5,0.362106055
321,0.372211605
320.5,0.384161592
320,0.397341281
319.5,0.41044876
319,0.424771994
318.5,0.43849355
318,0.452620775
317.5,0.466344625
317,0.478527367
316.5,0.490888864
316,0.50203079
315.5,0.512518466
315,0.522032023
314.5,0.531002641
314,0.539593697
313.5,0.549158752
313,0.558793187
312.5,0.569404006
312,0.582284391
311.5,0.595784485
311,0.611689627
310.5,0.628052235
310,0.647127569
309.5,0.666463077
309,0.687984288
308.5,0.710371912
308,0.734747529
307.5,0.759857416
307,0.788238287
306.5,0.817166686
306,0.846977353
305.5,0.879269898
305,0.909640312
304.5,0.938199222
304,0.967438579
303.5,0.995695531
303,1.024415016
302.5,1.056311488
302,1.091266394
301.5,1.128391027
301,1.167537451
300.5,1.211009264
300,1.254986763